2015/05/30_13:42,printand.co,127.0.0.1,No,NA
2015/05/30_13:42,eio.com,127.0.0.1,No,NA
2015/05/30_13:42,workingmommagic.com,127.0.0.1,No,NA
2015/05/30_13:42,vodi.la,127.0.0.1,No,NA
2015/05/30_13:42,fairtrade.org.uk,127.0.0.1,No,NA
2015/05/30_13:42,mp-energy.gr,127.0.0.1,No,NA
2015/05/30_13:42,rothmanfurniture.com,127.0.0.1,No,NA
2015/05/30_13:42,3harmonydl.net,127.0.0.1,No,NA
2015/05/30_13:42,flymeubles.com,127.0.0.1,No,NA
2015/05/30_13:42,tvstanici.com,127.0.0.1,No,NA
2015/05/30_13:42,wallpaperbases.com,127.0.0.1,No,NA
2015/05/30_13:42,inube.com,127.0.0.1,No,NA
2015/05/30_13:42,elmasriaforcars.com,127.0.0.1,No,NA
2015/05/30_13:42,biennialfoundation.org,127.0.0.1,No,NA
2015/05/30_13:42,tankler.com,127.0.0.1,No,NA
2015/05/30_13:42,navidiku.eu,127.0.0.1,No,NA
2015/05/30_13:42,royamattress.com,127.0.0.1,No,NA
2015/05/30_13:42,pgups.com,127.0.0.1,No,NA
2015/05/30_13:42,mrbreakfast.com,127.0.0.1,No,NA
2015/05/30_13:42,lr-club.com,127.0.0.1,No,NA
2015/05/30_13:42,ekitapindir.biz,127.0.0.1,No,NA
2015/05/30_13:42,whbl.com,127.0.0.1,No,NA
2015/05/30_13:42,placesforpeople.co.uk,127.0.0.1,No,NA
2015/05/30_13:42,gotax.cn,127.0.0.1,No,NA
2015/05/30_13:42,lizaalert.org,127.0.0.1,No,NA
2015/05/30_13:42,insolitonoticias.com,127.0.0.1,No,NA
2015/05/30_13:42,atriummed.com,127.0.0.1,No,NA
2015/05/30_13:42,loreal-paris.com.hk,127.0.0.1,No,NA
2015/05/30_13:42,alijiuzi.com,127.0.0.1,No,NA
2015/05/30_13:42,usmanacademy.com,127.0.0.1,No,NA
2015/05/30_13:42,volcanolife.com,127.0.0.1,No,NA
2015/05/30_13:42,familytreesandcrests.com,127.0.0.1,No,NA
2015/05/30_13:42,lusailcity.qa,127.0.0.1,No,NA
2015/05/30_13:42,stickyholsters.com,127.0.0.1,No,NA
2015/05/30_13:42,sexbabesart.com,127.0.0.1,No,NA
2015/05/30_13:42,solarlunarx.blogspot.com.tr,127.0.0.1,No,NA
2015/05/30_13:42,wtshop.co.kr,127.0.0.1,No,NA
2015/05/30_13:42,homecenter.com.co,127.0.0.1,No,NA
2015/05/30_13:42,ediaro.com,127.0.0.1,No,NA
2015/05/30_13:42,macebiznes.pl,127.0.0.1,No,NA
2015/05/30_13:42,robertlubrican.com,127.0.0.1,No,NA
2015/05/30_13:42,thoulovesthee.tumblr.com,127.0.0.1,No,NA
2015/05/30_13:42,vintage-sunglasses-shop.com,127.0.0.1,No,NA
2015/05/30_13:42,cultizm.com,127.0.0.1,No,NA
2015/05/30_13:42,dotnet-france.com,127.0.0.1,No,NA
2015/05/30_13:42,mpz.co,127.0.0.1,No,NA
2015/05/30_13:42,sundaymail.co.zw,127.0.0.1,No,NA
2015/05/30_13:42,asstel.de,127.0.0.1,No,NA
2015/05/30_13:42,jiazhao.com,127.0.0.1,No,NA
2015/05/30_13:42,ablesky.com,127.0.0.1,No,NA
2015/05/30_13:42,rothonline.de,127.0.0.1,No,NA
2015/05/30_13:42,lnwmarket.com,127.0.0.1,No,NA
2015/05/30_13:42,dkd.ru,127.0.0.1,No,NA
2015/05/30_13:42,chiangmaiarea1.go.th,127.0.0.1,No,NA
2015/05/30_13:42,semtech.com,127.0.0.1,No,NA
2015/05/30_13:42,webit.ru,127.0.0.1,No,NA
2015/05/30_13:42,na-massage.com,127.0.0.1,No,NA
2015/05/30_13:42,namlongvn.com,127.0.0.1,No,NA
2015/05/30_13:42,elkgrovecity.org,127.0.0.1,No,NA
2015/05/30_13:42,oramd.com,127.0.0.1,No,NA
2015/05/30_13:42,eciuchy.com.pl,127.0.0.1,No,NA
2015/05/30_13:42,ori.nic.in,127.0.0.1,No,NA
2015/05/30_13:42,lcontactos.com,127.0.0.1,No,NA
2015/05/30_13:42,campaign-archive2.com,127.0.0.1,No,NA
2015/05/30_13:42,plushbezlimitu.pl,127.0.0.1,No,NA
2015/05/30_13:42,greenex-studio.com,127.0.0.1,No,NA
2015/05/30_13:42,oinobuko.com,127.0.0.1,No,NA
2015/05/30_13:42,jobsatkerala.com,127.0.0.1,No,NA
2015/05/30_13:42,bikestore.com.mx,127.0.0.1,No,NA
2015/05/30_13:42,hausschlachtebedarf.de,127.0.0.1,No,NA
2015/05/30_13:42,paidi.gr,127.0.0.1,No,NA
2015/05/30_13:42,eamythic.com,127.0.0.1,No,NA
2015/05/30_13:42,mysql.de,127.0.0.1,No,NA
2015/05/30_13:42,iranfun2.ga,127.0.0.1,No,NA
2015/05/30_13:42,galt.mx,127.0.0.1,No,NA
2015/05/30_13:42,mondoeconomia.com,127.0.0.1,No,NA
2015/05/30_13:42,betterplaced.com,127.0.0.1,No,NA
2015/05/30_13:42,bizenquiry.com,127.0.0.1,No,NA
2015/05/30_13:42,gpina.com,127.0.0.1,No,NA
2015/05/30_13:42,ferugby.es,127.0.0.1,No,NA
2015/05/30_13:42,kingautos.net,127.0.0.1,No,NA
2015/05/30_13:42,hetras.com,127.0.0.1,No,NA
2015/05/30_13:42,eurotrucksimulator2.de,127.0.0.1,No,NA
2015/05/30_13:42,ferialibromadrid.com,127.0.0.1,No,NA
2015/05/30_13:42,healthimize.com,127.0.0.1,No,NA
2015/05/30_13:42,upes.ac.in,127.0.0.1,No,NA
2015/05/30_13:42,cancercare.org,127.0.0.1,No,NA
2015/05/30_13:42,terrybrooks.net,127.0.0.1,No,NA
2015/05/30_13:42,alkhaleejonline.net,127.0.0.1,No,NA
2015/05/30_13:42,liveinstyle.com,127.0.0.1,No,NA
2015/05/30_13:42,turkcuturanci.com,127.0.0.1,No,NA
2015/05/30_13:42,citydogsrescuedc.org,127.0.0.1,No,NA
2015/05/30_13:42,mratwork.com,127.0.0.1,No,NA
2015/05/30_13:42,amsilo.com,127.0.0.1,No,NA
2015/05/30_13:42,taringamp3.org,127.0.0.1,No,NA
2015/05/30_13:42,foromedios.com,127.0.0.1,No,NA
2015/05/30_13:42,almol5as.com,127.0.0.1,No,NA
2015/05/30_13:42,gcaa.ae,127.0.0.1,No,NA
2015/05/30_13:42,coupontrump.com,127.0.0.1,No,NA
2015/05/30_13:42,designloud.com,127.0.0.1,No,NA
2015/05/30_13:42,colas.com,127.0.0.1,No,NA
2015/05/30_13:42,sp-fans.tv,127.0.0.1,No,NA
2015/05/30_13:42,nri.edu.in,127.0.0.1,No,NA
2015/05/30_13:42,anyoption.com,127.0.0.1,No,NA
2015/05/30_13:42,marketplacester.com,127.0.0.1,No,NA
2015/05/30_13:42,infocenter-odessa.com,127.0.0.1,No,NA
2015/05/30_13:42,escortsandbabes.com.au,127.0.0.1,No,NA
2015/05/30_13:42,herbalsembuhku.com,127.0.0.1,No,NA
2015/05/30_13:42,hardbritlads.com,127.0.0.1,No,NA
2015/05/30_13:42,segundacita.blogspot.com,127.0.0.1,No,NA
2015/05/30_13:42,reate.info,127.0.0.1,No,NA
2015/05/30_13:42,easymash.com,127.0.0.1,No,NA
2015/05/30_13:42,eatingthaifood.com,127.0.0.1,No,NA
2015/05/30_13:42,freescript.ir,127.0.0.1,No,NA
2015/05/30_13:42,chinaccs.com,127.0.0.1,No,NA
2015/05/30_13:42,topratedfirms.com,127.0.0.1,No,NA
2015/05/30_13:42,rayanhost.com,127.0.0.1,No,NA
2015/05/30_13:42,cablemas.com,127.0.0.1,No,NA
2015/05/30_13:42,popnews.biz,127.0.0.1,No,NA
2015/05/30_13:42,chevron.com,127.0.0.1,No,NA
2015/05/30_13:42,visamapper.com,127.0.0.1,No,NA
2015/05/30_13:42,citifmonline.com,127.0.0.1,No,NA
2015/05/30_13:42,elblogdeyes.com,127.0.0.1,No,NA
2015/05/30_13:42,tweetchup.com,127.0.0.1,No,NA
2015/05/30_13:42,ralode.com,127.0.0.1,No,NA
2015/05/30_13:42,tuenti.com.ar,127.0.0.1,No,NA
2015/05/30_13:42,porn-in.com,127.0.0.1,No,NA
2015/05/30_13:42,acnservices.com,127.0.0.1,No,NA
2015/05/30_13:42,giraffesocialmedia.co.uk,127.0.0.1,No,NA
2015/05/30_13:42,edfeclairevotreclub.com,127.0.0.1,No,NA
2015/05/30_13:42,wood-film.ru,127.0.0.1,No,NA
2015/05/30_13:42,trade.cz,127.0.0.1,No,NA
2015/05/30_13:42,evdoforums.com,127.0.0.1,No,NA
2015/05/30_13:42,mnbound.com,127.0.0.1,No,NA
2015/05/30_13:42,3gwifi.net,127.0.0.1,No,NA
2015/05/30_13:42,scoopkart.com,127.0.0.1,No,NA
2015/05/30_13:42,sevrg.ru,127.0.0.1,No,NA
2015/05/30_13:42,bitninja.io,127.0.0.1,No,NA
2015/05/30_13:42,notrickszone.com,127.0.0.1,No,NA
2015/05/30_13:42,irepeater.com,127.0.0.1,No,NA
2015/05/30_13:42,zsbenkova.sk,127.0.0.1,No,NA
2015/05/30_13:42,kanal24.az,127.0.0.1,No,NA
2015/05/30_13:42,finek-nn.ru,127.0.0.1,No,NA
2015/05/30_13:42,angelikanetwork.com,127.0.0.1,No,NA
2015/05/30_13:42,180grader.dk,127.0.0.1,No,NA
2015/05/30_13:42,webshieldonline.com,127.0.0.1,No,NA
2015/05/30_13:42,travelinfo.co.za,127.0.0.1,No,NA
2015/05/30_13:42,diego10arnaiz.com,127.0.0.1,No,NA
2015/05/30_13:42,horizonentrepreneurs.fr,127.0.0.1,No,NA
2015/05/30_13:42,mentholatum.tmall.com,127.0.0.1,No,NA
2015/05/30_13:42,ddnf.jp,127.0.0.1,No,NA
2015/05/30_13:42,ghertlez.com,127.0.0.1,No,NA
2015/05/30_13:42,cardsynergy.com,127.0.0.1,No,NA
2015/05/30_13:42,andelicashop.se,127.0.0.1,No,NA
2015/05/30_13:42,boldmedia.co.za,127.0.0.1,No,NA
2015/05/30_13:42,australherbs.com.au,127.0.0.1,No,NA
2015/05/30_13:42,brostube.com,127.0.0.1,No,NA
2015/05/30_13:42,nuovaseduzionenaturale.it,127.0.0.1,No,NA
2015/05/30_13:42,tacklenews.net,127.0.0.1,No,NA
2015/05/30_13:42,chuangchao.com.cn,127.0.0.1,No,NA
2015/05/30_13:42,amtonline.org,127.0.0.1,No,NA
2015/05/30_13:42,pinda360.com/user/login,127.0.0.1,No,NA
2015/05/30_13:42,52rd.com,127.0.0.1,No,NA
2015/05/30_13:42,everestnews.com,127.0.0.1,No,NA
2015/05/30_13:42,reinadelcielo.org,127.0.0.1,No,NA
2015/05/30_13:42,antwerpmanagementschool.be,127.0.0.1,No,NA
2015/05/30_13:42,kiyanet.ir,127.0.0.1,No,NA
2015/05/30_13:42,schleswiger-ag.de,127.0.0.1,No,NA
2015/05/30_13:42,aggress.ru,127.0.0.1,No,NA
2015/05/30_13:42,pakistandating.net,127.0.0.1,No,NA
2015/05/30_13:42,thingsyouneedknow.com,127.0.0.1,No,NA
2015/05/30_13:42,phonemarket.nl,127.0.0.1,No,NA
2015/05/30_13:42,vulbox.com,127.0.0.1,No,NA
2015/05/30_13:42,namuseum.gr,127.0.0.1,No,NA
2015/05/30_13:42,riyadh2day.com,127.0.0.1,No,NA
2015/05/30_13:42,helenstats.com,127.0.0.1,No,NA
2015/05/30_13:42,orangelake.com,127.0.0.1,No,NA
2015/05/30_13:42,a-kaguya.com,127.0.0.1,No,NA
2015/05/30_13:42,mode-in-motion.com,127.0.0.1,No,NA
2015/05/30_13:42,airportsineurope.com,127.0.0.1,No,NA
2015/05/30_13:42,89966.com,127.0.0.1,No,NA
2015/05/30_13:42,recoverytoolbox.com,127.0.0.1,No,NA
2015/05/30_13:42,digitalbirdphotography.com,127.0.0.1,No,NA
2015/05/30_13:42,allkpoper.com,127.0.0.1,No,NA
2015/05/30_13:42,education4usa.info,127.0.0.1,No,NA
2015/05/30_13:42,gdata.pl,127.0.0.1,No,NA
2015/05/30_13:42,mommalew.com,127.0.0.1,No,NA
2015/05/30_13:42,germanporntube.biz,127.0.0.1,No,NA
2015/05/30_13:42,dhtmarket.com,127.0.0.1,No,NA
2015/05/30_13:42,dadimaakegharelunuskhe.com,127.0.0.1,No,NA
2015/05/30_13:42,negahpub.com,127.0.0.1,No,NA
2015/05/30_13:42,mirrybolova.com.ua,127.0.0.1,No,NA
2015/05/30_13:42,co-construct.com,127.0.0.1,No,NA
2015/05/30_13:42,clientexec.com,127.0.0.1,No,NA
2015/05/30_13:42,marketingwithalex.com,127.0.0.1,No,NA
2015/05/30_13:42,soulgaminghacks.com,127.0.0.1,No,NA
2015/05/30_13:42,narino.info,127.0.0.1,No,NA
2015/05/30_13:42,kickassbase.im,127.0.0.1,No,NA
2015/05/30_13:42,yepp.nl,127.0.0.1,No,NA
2015/05/30_13:42,tiendainterpro.com,127.0.0.1,No,NA
2015/05/30_13:42,lifebet.ru,127.0.0.1,No,NA
2015/05/30_13:42,redsome.com,127.0.0.1,No,NA
2015/05/30_13:42,ridetheducks.com,127.0.0.1,No,NA
2015/05/30_13:42,borger-odoorn.nl,127.0.0.1,No,NA
2015/05/30_13:42,vodokanal.zp.ua,127.0.0.1,No,NA
2015/05/30_13:42,rollbase.com,127.0.0.1,No,NA
2015/05/30_13:42,diputaciolleida.cat,127.0.0.1,No,NA
2015/05/30_13:42,pharmagest.com,127.0.0.1,No,NA
2015/05/30_13:42,pali-design.com,127.0.0.1,No,NA
2015/05/30_13:42,fishidy.com,127.0.0.1,No,NA
2015/05/30_13:42,pof.fr,127.0.0.1,No,NA
2015/05/30_13:42,spd.org,127.0.0.1,No,NA
2015/05/30_13:42,nomenu.com,127.0.0.1,No,NA
2015/05/30_13:42,halifax-intermediariesonline.co.uk,127.0.0.1,No,NA
2015/05/30_13:42,pear-lover.tumblr.com,127.0.0.1,No,NA
2015/05/30_13:42,dynamicbearings.com,127.0.0.1,No,NA
2015/05/30_13:42,thedermblog.com,127.0.0.1,No,NA
2015/05/30_13:42,investorimmigrationvisa.com,127.0.0.1,No,NA
2015/05/30_13:42,kvadrat64.ru,127.0.0.1,No,NA
2015/05/30_13:42,boutiquehomes.com.au,127.0.0.1,No,NA
2015/05/30_13:42,hangthanhly436.com,127.0.0.1,No,NA
2015/05/30_13:42,nationsonline.org,127.0.0.1,No,NA
2015/05/30_13:42,ufl.edu,127.0.0.1,No,NA
2015/05/30_13:42,wallpapermine.com,127.0.0.1,No,NA
2015/05/30_13:42,campustimesug.com,127.0.0.1,No,NA
2015/05/30_13:42,blogs.sapo.pt,127.0.0.1,No,NA
2015/05/30_13:42,bilbaoturismo.net,127.0.0.1,No,NA
2015/05/30_13:42,swiftbic.com,127.0.0.1,No,NA
2015/05/30_13:42,gajotres.net,127.0.0.1,No,NA
2015/05/30_13:42,olivebeer.com,127.0.0.1,No,NA
2015/05/30_13:42,tanijogonegoro.com,127.0.0.1,No,NA
2015/05/30_13:42,apnaplan.com,127.0.0.1,No,NA
2015/05/30_13:42,niusushi.cl,127.0.0.1,No,NA
2015/05/30_13:42,hana-yoshi.net,127.0.0.1,No,NA
2015/05/30_13:42,axelspringer.de,127.0.0.1,No,NA
2015/05/30_13:42,efepae.gr,127.0.0.1,No,NA
2015/05/30_13:42,knights-wood.com,127.0.0.1,No,NA
2015/05/30_13:42,rumormillnews.com,127.0.0.1,No,NA
2015/05/30_13:42,klikmbc.co.id,127.0.0.1,No,NA
2015/05/30_13:42,emoceanstudios.com.au,127.0.0.1,No,NA
2015/05/30_13:42,wmd.ru,127.0.0.1,No,NA
2015/05/30_13:42,ntv.org.np,127.0.0.1,No,NA
2015/05/30_13:42,auxiliar-enfermeria.com,127.0.0.1,No,NA
2015/05/30_13:42,boxil.jp,127.0.0.1,No,NA
2015/05/30_13:42,pamm.org,127.0.0.1,No,NA
2015/05/30_13:42,azbukamedic.ru,127.0.0.1,No,NA
2015/05/30_13:42,sibzsolutions.com,127.0.0.1,No,NA
2015/05/30_13:42,getresponse.my,127.0.0.1,No,NA
2015/05/30_13:42,toyoas.jp,127.0.0.1,No,NA
2015/05/30_13:42,bycrazem.com,127.0.0.1,No,NA
2015/05/30_13:42,thecreativecollective.com.au,127.0.0.1,No,NA
2015/05/30_13:42,propelsteps.wordpress.com,127.0.0.1,No,NA
2015/05/30_13:42,slaughterandmay.com,127.0.0.1,No,NA
2015/05/30_13:42,quemou.com,127.0.0.1,No,NA
2015/05/30_13:42,exetermarketingtips.co.uk,127.0.0.1,No,NA
2015/05/30_13:42,seo.co.uk,127.0.0.1,No,NA
2015/05/30_13:42,ctqsolutions.com,127.0.0.1,No,NA
2015/05/30_13:42,housebeautiful.com,127.0.0.1,No,NA
2015/05/30_13:42,decathlon.fr,127.0.0.1,No,NA
2015/05/30_13:42,computrabajo.com.ec,127.0.0.1,No,NA
2015/05/30_13:42,secure.serve.com/Z4rXU+QiPEhGq2Tl51kvpw==,127.0.0.1,No,NA
2015/05/30_13:42,sitiodolivro.pt,127.0.0.1,No,NA
2015/05/30_13:42,healthyone.org,127.0.0.1,No,NA
2015/05/30_13:42,probikeshop.fr,127.0.0.1,No,NA
2015/05/30_13:42,leekes.co.uk,127.0.0.1,No,NA
2015/05/30_13:42,yxfanfan.com,127.0.0.1,No,NA
2015/05/30_13:42,cialisgenerika.com,127.0.0.1,No,NA
2015/05/30_13:42,anime-hen.net,127.0.0.1,No,NA
2015/05/30_13:42,javan98.com,127.0.0.1,No,NA
2015/05/30_13:42,vdeck.com,127.0.0.1,No,NA
2015/05/30_13:42,medianewschannel.net,127.0.0.1,No,NA
2015/05/30_13:42,fly.co.uk,127.0.0.1,No,NA
2015/05/30_13:42,caravan-salon.de,127.0.0.1,No,NA
2015/05/30_13:42,sexyamateurtube.net,127.0.0.1,No,NA
2015/05/30_13:42,bloggermaruf.com,127.0.0.1,No,NA
2015/05/30_13:42,solidus.gr,127.0.0.1,No,NA
2015/05/30_13:42,nervion.com.mx,127.0.0.1,No,NA
2015/05/30_13:42,ebela.in,127.0.0.1,No,NA
2015/05/30_13:42,acer-userforum.de,127.0.0.1,No,NA
2015/05/30_13:42,rclogger.com,127.0.0.1,No,NA
2015/05/30_13:42,ksfe.com,127.0.0.1,No,NA
2015/05/30_13:42,naibaat.pk,127.0.0.1,No,NA
2015/05/30_13:42,rinnai.us,127.0.0.1,No,NA
2015/05/30_13:42,click-sec.com,127.0.0.1,No,NA
2015/05/30_13:42,f5poker.com,127.0.0.1,No,NA
2015/05/30_13:42,nutritionalanarchy.com,127.0.0.1,No,NA
2015/05/30_13:42,electroking.es,127.0.0.1,No,NA
2015/05/30_13:42,offshoregit.com,127.0.0.1,No,NA
2015/05/30_13:42,dilforum.com,127.0.0.1,No,NA
2015/05/30_13:42,cybertlc.world,127.0.0.1,No,NA
2015/05/30_13:42,serimalaysia.com.my,127.0.0.1,No,NA
2015/05/30_13:42,biz-stay.com,127.0.0.1,No,NA
2015/05/30_13:42,natural-wonder-pets.com,127.0.0.1,No,NA
2015/05/30_13:42,dealsdoneright.com,127.0.0.1,No,NA
2015/05/30_13:42,iwebyou.fr,127.0.0.1,No,NA
2015/05/30_13:42,bakershoes.com,127.0.0.1,No,NA
2015/05/30_13:42,bangchak.co.th,127.0.0.1,No,NA
2015/05/30_13:42,bestselfatlanta.com,127.0.0.1,No,NA
2015/05/30_13:42,socialengine.com,127.0.0.1,No,NA
2015/05/30_13:42,christmas.com,127.0.0.1,No,NA
2015/05/30_13:42,holahola.pl,127.0.0.1,No,NA
2015/05/30_13:42,surf-stick.net,127.0.0.1,No,NA
2015/05/30_13:42,clovismoliveira.wordpress.com,127.0.0.1,No,NA
2015/05/30_13:42,kanchela.com,127.0.0.1,No,NA
2015/05/30_13:42,rotiform.com,127.0.0.1,No,NA
2015/05/30_13:42,crowdspring.com/user/activate,127.0.0.1,No,NA
2015/05/30_13:42,abercrombie.com.hk,127.0.0.1,No,NA
2015/05/30_13:42,jbcsport.net,127.0.0.1,No,NA
2015/05/30_13:42,asoledolls.ru,127.0.0.1,No,NA
2015/05/30_13:42,modelshipworld.com,127.0.0.1,No,NA
2015/05/30_13:42,leapingpost.com,127.0.0.1,No,NA
2015/05/30_13:42,prothemes.biz,127.0.0.1,No,NA
2015/05/30_13:42,thaitritonclub.com,127.0.0.1,No,NA
2015/05/30_13:42,gaddin.com,127.0.0.1,No,NA
2015/05/30_13:42,danielcurran.com,127.0.0.1,No,NA
2015/05/30_13:42,avisa-st.no,127.0.0.1,No,NA
2015/05/30_13:42,tp-link.fr,127.0.0.1,No,NA
2015/05/30_13:42,cra.gc.ca,127.0.0.1,No,NA
2015/05/30_13:42,rocketfuel.com,127.0.0.1,No,NA
2015/05/30_13:42,kpntravels.in,127.0.0.1,No,NA
2015/05/30_13:42,truenutrition.com,127.0.0.1,No,NA
2015/05/30_13:42,okumafishing.com,127.0.0.1,No,NA
2015/05/30_13:42,panchiraboin.com,127.0.0.1,No,NA
2015/05/30_13:42,foreverautohits.com,127.0.0.1,No,NA
2015/05/30_13:42,llronline.com,127.0.0.1,No,NA
2015/05/30_13:42,www88888q.com,127.0.0.1,No,NA
2015/05/30_13:42,fingerbuying.com,127.0.0.1,No,NA
2015/05/30_13:42,kartingrfeda.com,127.0.0.1,No,NA
2015/05/30_13:42,androidappsbuzz.com,127.0.0.1,No,NA
2015/05/30_13:42,gardoonak.ir,127.0.0.1,No,NA
2015/05/30_13:42,siuecougars.com,127.0.0.1,No,NA
2015/05/30_13:42,nukeblogger.com,127.0.0.1,No,NA
2015/05/30_13:42,asi.ru,127.0.0.1,No,NA
2015/05/30_13:42,fbainspection.com,127.0.0.1,No,NA
2015/05/30_13:42,usajobs.gov,127.0.0.1,No,NA
2015/05/30_13:42,phalcontip.com,127.0.0.1,No,NA
2015/05/30_13:42,jjmmw.com,127.0.0.1,No,NA
2015/05/30_13:42,cascadeclimbers.com,127.0.0.1,No,NA
2015/05/30_13:42,ohwy.com,127.0.0.1,No,NA
2015/05/30_13:42,oliolihawaii.com,127.0.0.1,No,NA
2015/05/30_13:42,actalians.fr,127.0.0.1,No,NA
2015/05/30_13:42,tablesleague.com,127.0.0.1,No,NA
2015/05/30_13:42,sewingmachinesales.co.uk,127.0.0.1,No,NA
2015/05/30_13:42,attivissimo.blogspot.com,127.0.0.1,No,NA
2015/05/30_13:42,d-d-vapor.myshopify.com,127.0.0.1,No,NA
2015/05/30_13:42,scientology-cult.com,127.0.0.1,No,NA
2015/05/30_13:42,tehransabanet.ir,127.0.0.1,No,NA
2015/05/30_13:42,spice-up-your-life.net,127.0.0.1,No,NA
2015/05/30_13:42,prolingvo.info,127.0.0.1,No,NA
2015/05/30_13:42,farmline.fr,127.0.0.1,No,NA
2015/05/30_13:42,hocuto.rs,127.0.0.1,No,NA
2015/05/30_13:42,isvecgundemi.com,127.0.0.1,No,NA
2015/05/30_13:42,klimaprofis.com,127.0.0.1,No,NA
2015/05/30_13:42,saturn.net,127.0.0.1,No,NA
2015/05/30_13:42,xn--cckydsa4ig0441duct3r3anj4c.com,127.0.0.1,No,NA
2015/05/30_13:42,topcamsites.com,127.0.0.1,No,NA
2015/05/30_13:42,pqi.or.kr,127.0.0.1,No,NA
2015/05/30_13:42,yourkfc.co.uk,127.0.0.1,No,NA
2015/05/30_13:42,associaciosantjordi.org,127.0.0.1,No,NA
2015/05/30_13:42,idlebing.com,127.0.0.1,No,NA
2015/05/30_13:42,alles.hr,127.0.0.1,No,NA
2015/05/30_13:42,ccnhub.com,127.0.0.1,No,NA
2015/05/30_13:42,timeoutvietnam.com,127.0.0.1,No,NA
2015/05/30_13:42,madagascar-hotels-online.com,127.0.0.1,No,NA
2015/05/30_13:42,setelhabayeb.tv,127.0.0.1,No,NA
2015/05/30_13:42,mes-revenus-domicile.com,127.0.0.1,No,NA
2015/05/30_13:42,home-coaching.be,127.0.0.1,No,NA
2015/05/30_13:42,celebsfilms.com,127.0.0.1,No,NA
2015/05/30_13:42,wahawang.com,127.0.0.1,No,NA
2015/05/30_13:42,vbdar.com,127.0.0.1,No,NA
2015/05/30_13:42,gruhinii.com,127.0.0.1,No,NA
2015/05/30_13:42,giantfood.com,127.0.0.1,No,NA
2015/05/30_13:42,lastfm.fr,127.0.0.1,No,NA
2015/05/30_13:42,itsupportdesk.in,127.0.0.1,No,NA
2015/05/30_13:42,propertiesonline.com,127.0.0.1,No,NA
2015/05/30_13:42,mickael-challet.com,127.0.0.1,No,NA
2015/05/30_13:42,umin.ne.jp,127.0.0.1,No,NA
2015/05/30_13:42,isuzudmax.in,127.0.0.1,No,NA
2015/05/30_13:42,adche.ir,127.0.0.1,No,NA
2015/05/30_13:42,eattendance.net,127.0.0.1,No,NA
2015/05/30_13:42,buono-gratis.com,127.0.0.1,No,NA
2015/05/30_13:42,shockpoint.com,127.0.0.1,No,NA
2015/05/30_13:42,bizandbit.com,127.0.0.1,No,NA
2015/05/30_13:42,thefashionchor.com,127.0.0.1,No,NA
2015/05/30_13:42,marathonbatteries.com,127.0.0.1,No,NA
2015/05/30_13:42,hospedagemdesite.me,127.0.0.1,No,NA
2015/05/30_13:42,kshowindo.net,127.0.0.1,No,NA
2015/05/30_13:42,dailyoftheday.com,127.0.0.1,No,NA
2015/05/30_13:42,getg5.com,127.0.0.1,No,NA
2015/05/30_13:42,panasonic.com.sa,127.0.0.1,No,NA
2015/05/30_13:42,guifi.net,127.0.0.1,No,NA
2015/05/30_13:42,syndicatebikes.com,127.0.0.1,No,NA
2015/05/30_13:42,accuphase.co.jp,127.0.0.1,No,NA
2015/05/30_13:42,livesudoku.com,127.0.0.1,No,NA
2015/05/30_13:42,nccedu.com,127.0.0.1,No,NA
2015/05/30_13:42,imagenomic.com,127.0.0.1,No,NA
2015/05/30_13:42,brendayoga.tumblr.com,127.0.0.1,No,NA
2015/05/30_13:42,2500city.com,127.0.0.1,No,NA
2015/05/30_13:42,cgimmo.lu,127.0.0.1,No,NA
2015/05/30_13:42,frautulpe.de,127.0.0.1,No,NA
2015/05/30_13:42,webcssgallery.com,127.0.0.1,No,NA
2015/05/30_13:42,tjc.org.tw,127.0.0.1,No,NA
2015/05/30_13:42,ministrysafe.com,127.0.0.1,No,NA
2015/05/30_13:42,pushpi.com,127.0.0.1,No,NA
2015/05/30_13:42,myjizz.xyz,127.0.0.1,No,NA
2015/05/30_13:42,amicidellavela.it,127.0.0.1,No,NA
2015/05/30_13:42,sterlegrad.ru,127.0.0.1,No,NA
2015/05/30_13:42,du114.com,127.0.0.1,No,NA
2015/05/30_13:42,kvarremontnik.ru,127.0.0.1,No,NA
2015/05/30_13:42,cleverfiles.com,127.0.0.1,No,NA
2015/05/30_13:42,286.xyz,127.0.0.1,No,NA
2015/05/30_13:42,paolobotticelli.com,127.0.0.1,No,NA
2015/05/30_13:42,hudsonstarobserver.com,127.0.0.1,No,NA
2015/05/30_13:42,igrasmeshariki.ru,127.0.0.1,No,NA
2015/05/30_13:42,umeya-shop.com,127.0.0.1,No,NA
2015/05/30_13:42,ligabbvagame.com,127.0.0.1,No,NA
2015/05/30_13:42,torrentsmirror.com,127.0.0.1,No,NA
2015/05/30_13:42,amalh.net,127.0.0.1,No,NA
2015/05/30_13:42,k2snowboarding.com,127.0.0.1,No,NA
2015/05/30_13:42,torrentsfiles.ru,127.0.0.1,No,NA
2015/05/30_13:42,ourebook.org,127.0.0.1,No,NA
2015/05/30_13:42,gps.az,127.0.0.1,No,NA
2015/05/30_13:42,kontur-extern.ru,127.0.0.1,No,NA
2015/05/30_13:42,my21daysugardetoxreview.com,127.0.0.1,No,NA
2015/05/30_13:42,toughmudder.com,127.0.0.1,No,NA
2015/05/30_13:42,thecorner.jp,127.0.0.1,No,NA
2015/05/30_13:42,haokan66.com,127.0.0.1,No,NA
2015/05/30_13:42,avantajadas.com.br,127.0.0.1,No,NA
2015/05/30_13:42,home-water-works.org,127.0.0.1,No,NA
2015/05/30_13:42,blilk.com,127.0.0.1,No,NA
2015/05/30_13:42,tjcy007.com,127.0.0.1,No,NA
2015/05/30_13:42,miryam.ir,127.0.0.1,No,NA
2015/05/30_13:42,blackviper.com,127.0.0.1,No,NA
2015/05/30_13:42,yst.ru,127.0.0.1,No,NA
2015/05/30_13:42,icarros.com.br,127.0.0.1,No,NA
2015/05/30_13:42,wegreened.com,127.0.0.1,No,NA
2015/05/30_13:42,nature-obsession.fr,127.0.0.1,No,NA
2015/05/30_13:42,speed-kaitori.jp,127.0.0.1,No,NA
2015/05/30_13:42,library.kherson.ua,127.0.0.1,No,NA
2015/05/30_13:42,shara-games.ru,127.0.0.1,No,NA
2015/05/30_13:42,californiapetpharmacy.com,127.0.0.1,No,NA
2015/05/30_13:42,humphreyfellowship.org,127.0.0.1,No,NA
2015/05/30_13:42,viberr.ir,127.0.0.1,No,NA
2015/05/30_13:42,milkingtable.com,127.0.0.1,No,NA
2015/05/30_13:42,ontheroofs.com,127.0.0.1,No,NA
2015/05/30_13:42,birlikgazetesi.info,127.0.0.1,No,NA
2015/05/30_13:42,cem.ac.uk,127.0.0.1,No,NA
2015/05/30_13:42,dinkymovies.com,127.0.0.1,No,NA
2015/05/30_13:42,harapartners.com,127.0.0.1,No,NA
2015/05/30_13:42,jammerfromchina.com,127.0.0.1,No,NA
2015/05/30_13:42,youtube.com/user/AlinaSkripkina300520,127.0.0.1,No,NA
2015/05/30_13:42,dish.mx,127.0.0.1,No,NA
2015/05/30_13:42,baq.ir,127.0.0.1,No,NA
2015/05/30_13:42,greners.com,127.0.0.1,No,NA
2015/05/30_13:42,learnforexlive.com,127.0.0.1,No,NA
2015/05/30_13:42,v2hosters.com,127.0.0.1,No,NA
2015/05/30_13:42,bobbysburgerpalace.com,127.0.0.1,No,NA
2015/05/30_13:42,enflyer.com,127.0.0.1,No,NA
2015/05/30_13:42,3yx.com,127.0.0.1,No,NA
2015/05/30_13:42,frberg-hf.dk,127.0.0.1,No,NA
2015/05/30_13:42,topbest.kr,127.0.0.1,No,NA
2015/05/30_13:42,xizhengw.com,127.0.0.1,No,NA
2015/05/30_13:42,kiss-me-kiss-me.com,127.0.0.1,No,NA
2015/05/30_13:42,mypaperpumpkin.com,127.0.0.1,No,NA
2015/05/30_13:42,clubjapo.com,127.0.0.1,No,NA
2015/05/30_13:42,courseload.com,127.0.0.1,No,NA
2015/05/30_13:42,jisin.jp,127.0.0.1,No,NA
2015/05/30_13:42,poulaillerdesign.com,127.0.0.1,No,NA
2015/05/30_13:42,glamrap.pl,127.0.0.1,No,NA
2015/05/30_13:42,jimmychurchradio.com,127.0.0.1,No,NA
2015/05/30_13:42,marketong.kr,127.0.0.1,No,NA
2015/05/30_13:42,2wid.net,127.0.0.1,No,NA
2015/05/30_13:42,pastaleads.com,127.0.0.1,No,NA
2015/05/30_13:42,s-kupe.by,127.0.0.1,No,NA
2015/05/30_13:42,hinter-den-schlagzeilen.info,127.0.0.1,No,NA
2015/05/30_13:42,turnitinuk.net,127.0.0.1,No,NA
2015/05/30_13:42,magnify.net,127.0.0.1,No,NA
2015/05/30_13:42,gluedots.com,127.0.0.1,No,NA
2015/05/30_13:42,videosxxxvideos.com,127.0.0.1,No,NA
2015/05/30_13:42,econetwireless.com,127.0.0.1,No,NA
2015/05/30_13:42,bncollegemail.com,127.0.0.1,No,NA
2015/05/30_13:42,startservicess.com,127.0.0.1,No,NA
2015/05/30_13:42,ghzali.com,127.0.0.1,No,NA
2015/05/30_13:42,epf.lk,127.0.0.1,No,NA
2015/05/30_13:42,winitcanada.weebly.com,127.0.0.1,No,NA
2015/05/30_13:42,trafi.fi,127.0.0.1,No,NA
2015/05/30_13:42,mojmikro.si,127.0.0.1,No,NA
2015/05/30_13:42,vntu.edu.ua,127.0.0.1,No,NA
2015/05/30_13:42,katalogbai.pl,127.0.0.1,No,NA
2015/05/30_13:42,fotostrips.nl,127.0.0.1,No,NA
2015/05/30_13:42,eastday.com,127.0.0.1,No,NA
2015/05/30_13:42,todohistorietas.com.ar,127.0.0.1,No,NA
2015/05/30_13:42,fragmantvizle.com,127.0.0.1,No,NA
2015/05/30_13:42,asia.ru,127.0.0.1,No,NA
2015/05/30_13:42,starrox.in,127.0.0.1,No,NA
2015/05/30_13:42,globbsecurity.com,127.0.0.1,No,NA
2015/05/30_13:42,psdfly.com,127.0.0.1,No,NA
2015/05/30_13:42,soberrecovery.com,127.0.0.1,No,NA
2015/05/30_13:42,okanokouen.com,127.0.0.1,No,NA
2015/05/30_13:42,elreyleon.es,127.0.0.1,No,NA
2015/05/30_13:42,netsama.com,127.0.0.1,No,NA
2015/05/30_13:42,bongdafun.info,127.0.0.1,No,NA
2015/05/30_13:42,golf7freunde.de,127.0.0.1,No,NA
2015/05/30_13:42,myanhao.com,127.0.0.1,No,NA
2015/05/30_13:42,qigroup.com,127.0.0.1,No,NA
2015/05/30_13:42,asanproject.ir,127.0.0.1,No,NA
2015/05/30_13:42,1988.tv,127.0.0.1,No,NA
2015/05/30_13:42,59178.com,127.0.0.1,No,NA
2015/05/30_13:42,foliovision.com,127.0.0.1,No,NA
2015/05/30_13:42,knozclean.com,127.0.0.1,No,NA
2015/05/30_13:42,trideco-shop.com,127.0.0.1,No,NA
2015/05/30_13:42,hiddencamsvideo.com,127.0.0.1,No,NA
2015/05/30_13:42,orix.com,127.0.0.1,No,NA
2015/05/30_13:42,brickrepublic.com,127.0.0.1,No,NA
2015/05/30_13:42,saix.net,127.0.0.1,No,NA
2015/05/30_13:42,syougo.jp,127.0.0.1,No,NA
2015/05/30_13:42,hkd50.com,127.0.0.1,No,NA
2015/05/30_13:42,importers.com,127.0.0.1,No,NA
2015/05/30_13:42,hppodcraft.com,127.0.0.1,No,NA
2015/05/30_13:42,superdelivery.com,127.0.0.1,No,NA
2015/05/30_13:42,sendp.com,127.0.0.1,No,NA
2015/05/30_13:42,islamicreliefcanada.org,127.0.0.1,No,NA
2015/05/30_13:42,mazda.fi,127.0.0.1,No,NA
2015/05/30_13:42,whojesusis.com,127.0.0.1,No,NA
2015/05/30_13:42,fixeads.com,127.0.0.1,No,NA
2015/05/30_13:42,pssfclass4govtemployeeunionpb.com,127.0.0.1,No,NA
2015/05/30_13:42,mojkorner.com,127.0.0.1,No,NA
2015/05/30_13:42,dvdverdict.com,127.0.0.1,No,NA
2015/05/30_13:42,mygitar.com,127.0.0.1,No,NA
2015/05/30_13:42,esm3.com,127.0.0.1,No,NA
2015/05/30_13:42,herbahaz.hu,127.0.0.1,No,NA
2015/05/30_13:42,aaa4mob.com,127.0.0.1,No,NA
2015/05/30_13:42,amor1033.mx,127.0.0.1,No,NA
2015/05/30_13:42,bulgarianembassy-london.org,127.0.0.1,No,NA
2015/05/30_13:42,alumn-e.com,127.0.0.1,No,NA
2015/05/30_13:42,auntbeesrecipes.com,127.0.0.1,No,NA
2015/05/30_13:42,csslint.net,127.0.0.1,No,NA
2015/05/30_13:42,wwf.fr,127.0.0.1,No,NA
2015/05/30_13:42,go-jamaica.com,127.0.0.1,No,NA
2015/05/30_13:42,aflmsex.com,127.0.0.1,No,NA
2015/05/30_13:42,ccn.com.cn,127.0.0.1,No,NA
2015/05/30_13:42,kldp.org,127.0.0.1,No,NA
2015/05/30_13:42,readitforward.com,127.0.0.1,No,NA
2015/05/30_13:42,ihb.io,127.0.0.1,No,NA
2015/05/30_13:42,techadvisory.org,127.0.0.1,No,NA
2015/05/30_13:42,mondial-assistance.pl,127.0.0.1,No,NA
2015/05/30_13:42,universoabierto.com,127.0.0.1,No,NA
2015/05/30_13:42,dvb.no,127.0.0.1,No,NA
2015/05/30_13:42,gpg.gov.za,127.0.0.1,No,NA
2015/05/30_13:42,careercornerstone.org,127.0.0.1,No,NA
2015/05/30_13:42,1145.jp,127.0.0.1,No,NA
2015/05/30_13:42,dececco.it,127.0.0.1,No,NA
2015/05/30_13:42,espressoworks.com.au,127.0.0.1,No,NA
2015/05/30_13:42,epiplagand.gr,127.0.0.1,No,NA
2015/05/30_13:42,prowrestlingtees.com,127.0.0.1,No,NA
2015/05/30_13:42,jobsterne.de,127.0.0.1,No,NA
2015/05/30_13:42,trackback.it,127.0.0.1,No,NA
2015/05/30_13:42,virginblak.com,127.0.0.1,No,NA
2015/05/30_13:42,theresaskueche.de,127.0.0.1,No,NA
2015/05/30_13:42,py7.ru,127.0.0.1,No,NA
2015/05/30_13:42,infofresh.pl,127.0.0.1,No,NA
2015/05/30_13:42,ttsnapshot.biz,127.0.0.1,No,NA
2015/05/30_13:42,dowkakoh.co.jp,127.0.0.1,No,NA
2015/05/30_13:42,bhxflightguide.blogspot.co.uk,127.0.0.1,No,NA
2015/05/30_13:42,ncc-indonesia.com,127.0.0.1,No,NA
2015/05/30_13:42,embuk.pl,127.0.0.1,No,NA
2015/05/30_13:42,atthesinema.co.uk,127.0.0.1,No,NA
2015/05/30_13:42,fwisd.org,127.0.0.1,No,NA
2015/05/30_13:42,tiresall.com,127.0.0.1,No,NA
2015/05/30_13:42,2getflv.com,127.0.0.1,No,NA
2015/05/30_13:42,hollanderparts.com,127.0.0.1,No,NA
2015/05/30_13:42,chinaidr.com,127.0.0.1,No,NA
2015/05/30_13:42,telem1.ch,127.0.0.1,No,NA
2015/05/30_13:42,fazdl.ir,127.0.0.1,No,NA
2015/05/30_13:42,gazetams.com.br,127.0.0.1,No,NA
2015/05/30_13:42,firmlist.com,127.0.0.1,No,NA
2015/05/30_13:42,ed2000.com,127.0.0.1,No,NA
2015/05/30_13:42,efeilab.it,127.0.0.1,No,NA
2015/05/30_13:42,wpnovin.ir,127.0.0.1,No,NA
2015/05/30_13:42,tackleisland-laketown.net,127.0.0.1,No,NA
2015/05/30_13:42,beargoggleson.com,127.0.0.1,No,NA
2015/05/30_13:42,higheredjobs.com,127.0.0.1,No,NA
2015/05/30_13:42,dubaicalendar.ae,127.0.0.1,No,NA
2015/05/30_13:42,mcxcontrol.com,127.0.0.1,No,NA
2015/05/30_13:42,cheerios.com,127.0.0.1,No,NA
2015/05/30_13:42,rekeers.net,127.0.0.1,No,NA
2015/05/30_13:42,storent.org,127.0.0.1,No,NA
2015/05/30_13:42,transparentcalifornia.com,127.0.0.1,No,NA
2015/05/30_13:42,mundodeportivocr.com,127.0.0.1,No,NA
2015/05/30_13:42,orenlib.ru,127.0.0.1,No,NA
2015/05/30_13:42,webnode.com.uy,127.0.0.1,No,NA
2015/05/30_13:42,whatfatemahsays.com,127.0.0.1,No,NA
2015/05/30_13:42,centerforinquiry.net,127.0.0.1,No,NA
2015/05/30_13:42,demoslavueltaaldia.com,127.0.0.1,No,NA
2015/05/30_13:42,ymcagta.org,127.0.0.1,No,NA
2015/05/30_13:42,folieshoppen.dk,127.0.0.1,No,NA
2015/05/30_13:42,cannonsuk.com,127.0.0.1,No,NA
2015/05/30_13:42,gogoebooks.com,127.0.0.1,No,NA
2015/05/30_13:42,javakup.com,127.0.0.1,No,NA
2015/05/30_13:42,datasheet-pdf.com,127.0.0.1,No,NA
2015/05/30_13:42,travel2.com,127.0.0.1,No,NA
2015/05/30_13:42,kissablecomplexions.com,127.0.0.1,No,NA
2015/05/30_13:42,gildwars.net,127.0.0.1,No,NA
2015/05/30_13:42,way2hacking.com,127.0.0.1,No,NA
2015/05/30_13:42,jimbutcheronline.com,127.0.0.1,No,NA
2015/05/30_13:42,smac-mca.com,127.0.0.1,No,NA
2015/05/30_13:42,calvista.com.au,127.0.0.1,No,NA
2015/05/30_13:42,brtn.cn,127.0.0.1,No,NA
2015/05/30_13:42,vamaker.com,127.0.0.1,No,NA
2015/05/30_13:42,canoncameranews-capetown.info,127.0.0.1,No,NA
2015/05/30_13:42,mixia.ca,127.0.0.1,No,NA
2015/05/30_13:42,ipjugaad.com,127.0.0.1,No,NA
2015/05/30_13:42,guem-kaercher-shop.at,127.0.0.1,No,NA
2015/05/30_13:42,bobshouseofporn.com,127.0.0.1,No,NA
2015/05/30_13:42,babywhisper.co.kr,127.0.0.1,No,NA
2015/05/30_13:42,jobon.tmall.com,127.0.0.1,No,NA
2015/05/30_13:42,letsgovikes.com,127.0.0.1,No,NA
2015/05/30_13:42,stableit.ru,127.0.0.1,No,NA
2015/05/30_13:42,verycompressedgames.com,127.0.0.1,No,NA
2015/05/30_13:42,clinicavazmed.com.br,127.0.0.1,No,NA
2015/05/30_13:42,torrentproject.se,127.0.0.1,No,NA
2015/05/30_13:42,securesites.com,127.0.0.1,No,NA
2015/05/30_13:42,bookmylens.com,127.0.0.1,No,NA
2015/05/30_13:42,doregi.com,127.0.0.1,No,NA
2015/05/30_13:42,wcccd.edu,127.0.0.1,No,NA
2015/05/30_13:42,2513.info,127.0.0.1,No,NA
2015/05/30_13:42,taiwangun.com,127.0.0.1,No,NA
2015/05/30_13:42,faurax.fr,127.0.0.1,No,NA
2015/05/30_13:42,southtravels.com,127.0.0.1,No,NA
2015/05/30_13:42,edutainme.ru,127.0.0.1,No,NA
2015/05/30_13:42,aspa.cz,127.0.0.1,No,NA
2015/05/30_13:42,visitcalifornia.com,127.0.0.1,No,NA
2015/05/30_13:42,georgiacarpet.com,127.0.0.1,No,NA
2015/05/30_13:42,rslrs22-server.com,127.0.0.1,No,NA
2015/05/30_13:42,asxetos.gr,127.0.0.1,No,NA
2015/05/30_13:42,satoshi-beach.net,127.0.0.1,No,NA
2015/05/30_13:42,captiongenerator.com,127.0.0.1,No,NA
2015/05/30_13:42,mitiendahipica.com,127.0.0.1,No,NA
2015/05/30_13:42,komaks.com,127.0.0.1,No,NA
2015/05/30_13:42,tutor2u.net,127.0.0.1,No,NA
2015/05/30_13:42,farm.or.jp,127.0.0.1,No,NA
2015/05/30_13:42,anyang.gov.cn,127.0.0.1,No,NA
2015/05/30_13:42,rollmob.com,127.0.0.1,No,NA
2015/05/30_13:42,energiesparaktion.de,127.0.0.1,No,NA
2015/05/30_13:42,jcbna.com,127.0.0.1,No,NA
2015/05/30_13:42,silverts.com,127.0.0.1,No,NA
2015/05/30_13:42,lovelylanguage.ru,127.0.0.1,No,NA
2015/05/30_13:42,luxmannlighting.com,127.0.0.1,No,NA
2015/05/30_13:42,mountainprophet.de,127.0.0.1,No,NA
2015/05/30_13:42,btls.com,127.0.0.1,No,NA
2015/05/30_13:42,custom-essays.org,127.0.0.1,No,NA
2015/05/30_13:42,seputarolahraga.com,127.0.0.1,No,NA
2015/05/30_13:42,thedutchnyc.com,127.0.0.1,No,NA
2015/05/30_13:42,bergerbullets.com,127.0.0.1,No,NA
2015/05/30_13:42,varcent.ru,127.0.0.1,No,NA
2015/05/30_13:42,churchmutual.com,127.0.0.1,No,NA
2015/05/30_13:42,webdesign4for299.com,127.0.0.1,No,NA
2015/05/30_13:42,forbesthailand.com,127.0.0.1,No,NA
2015/05/30_13:42,indianapolismonthly.com,127.0.0.1,No,NA
2015/05/30_13:42,quiz-solver.com,127.0.0.1,No,NA
2015/05/30_13:42,polytron.co.id,127.0.0.1,No,NA
2015/05/30_13:42,fh-bonn-rhein-sieg.de,127.0.0.1,No,NA
2015/05/30_13:42,chinahetao.com.cn,127.0.0.1,No,NA
2015/05/30_13:42,helena-arkansas.com,127.0.0.1,No,NA
2015/05/30_13:42,modelosdeconvite.com.br,127.0.0.1,No,NA
2015/05/30_13:42,womenzmag.com,127.0.0.1,No,NA
2015/05/30_13:42,hdmaza.pk,127.0.0.1,No,NA
2015/05/30_13:42,nigesb.com,127.0.0.1,No,NA
2015/05/30_13:42,gpw.pl,127.0.0.1,No,NA
2015/05/30_13:42,y-olo.gr,127.0.0.1,No,NA
2015/05/30_13:42,banrural.com.hn,127.0.0.1,No,NA
2015/05/30_13:42,playermailer.net,127.0.0.1,No,NA
2015/05/30_13:42,contexttravel.com,127.0.0.1,No,NA
2015/05/30_13:42,marutimga.com,127.0.0.1,No,NA
2015/05/30_13:42,airleben.de,127.0.0.1,No,NA
2015/05/30_13:42,yellow-pages.ph,127.0.0.1,No,NA
2015/05/30_13:42,anjalijewellers.in,127.0.0.1,No,NA
2015/05/30_13:42,hecltd.com,127.0.0.1,No,NA
2015/05/30_13:42,bolina.it,127.0.0.1,No,NA
2015/05/30_13:42,clzschoolplein.nl,127.0.0.1,No,NA
2015/05/30_13:42,webpiaoliang.com,127.0.0.1,No,NA
2015/05/30_13:42,mizuho-ir.co.jp,127.0.0.1,No,NA
2015/05/30_13:42,strangertickets.com,127.0.0.1,No,NA
2015/05/30_13:42,vsem.cz,127.0.0.1,No,NA
2015/05/30_13:42,altus.com.tr,127.0.0.1,No,NA
2015/05/30_13:42,easywriter.gr,127.0.0.1,No,NA
2015/05/30_13:42,luca.com.tr,127.0.0.1,No,NA
2015/05/30_13:42,ash3ary.net,127.0.0.1,No,NA
2015/05/30_13:42,patriciabordados.com.br,127.0.0.1,No,NA
2015/05/30_13:42,ehuanyun.com,127.0.0.1,No,NA
2015/05/30_13:42,mam9.com,127.0.0.1,No,NA
2015/05/30_13:42,viforpharma.com,127.0.0.1,No,NA
2015/05/30_13:42,dadajt.com,127.0.0.1,No,NA
2015/05/30_13:42,rackaid.com,127.0.0.1,No,NA
2015/05/30_13:42,sunnykfir.com,127.0.0.1,No,NA
2015/05/30_13:42,globalenergycertification.org,127.0.0.1,No,NA
2015/05/30_13:42,sportwette.net,127.0.0.1,No,NA
2015/05/30_13:42,osiander.de,127.0.0.1,No,NA
2015/05/30_13:42,jomansnetmarketing.com,127.0.0.1,No,NA
2015/05/30_13:42,autonet.com.vn,127.0.0.1,No,NA
2015/05/30_13:42,hdwallpapersone.com,127.0.0.1,No,NA
2015/05/30_13:42,kyocera.eu,127.0.0.1,No,NA
2015/05/30_13:42,organicnetwork.jp,127.0.0.1,No,NA
2015/05/30_13:42,colorscheme.ru,127.0.0.1,No,NA
2015/05/30_13:42,rt-sb.net,127.0.0.1,No,NA
2015/05/30_13:42,santarosa.edu,127.0.0.1,No,NA
2015/05/30_13:42,insanepornvids.com,127.0.0.1,No,NA
2015/05/30_13:42,henshinwatch.blogspot.com,127.0.0.1,No,NA
2015/05/30_13:42,primextech.com.br,127.0.0.1,No,NA
2015/05/30_13:42,givedirectly.org,127.0.0.1,No,NA
2015/05/30_13:42,normal.org,127.0.0.1,No,NA
2015/05/30_13:42,keraladesham.com,127.0.0.1,No,NA
2015/05/30_13:42,rabla.ro,127.0.0.1,No,NA
2015/05/30_13:42,losgamers.com,127.0.0.1,No,NA
2015/05/30_13:42,ydsj.tmall.com,127.0.0.1,No,NA
2015/05/30_13:42,thetortoisetable.org.uk,127.0.0.1,No,NA
2015/05/30_13:42,mkt4701.com,127.0.0.1,No,NA
2015/05/30_13:42,kaidouarukitabi.com,127.0.0.1,No,NA
2015/05/30_13:42,chasingtreasure.com,127.0.0.1,No,NA
2015/05/30_13:42,phoenixisland.co.kr,127.0.0.1,No,NA
2015/05/30_13:42,leezasurfaces.com,127.0.0.1,No,NA
2015/05/30_13:42,bloggerlamongan.com,127.0.0.1,No,NA
2015/05/30_13:42,findingjoy.net,127.0.0.1,No,NA
2015/05/30_13:42,ned-service.com,127.0.0.1,No,NA
2015/05/30_13:42,gryzhi-net.ru,127.0.0.1,No,NA
2015/05/30_13:42,sphcs.org,127.0.0.1,No,NA
2015/05/30_13:42,alipay.net,127.0.0.1,No,NA
2015/05/30_13:42,flybuys.co.nz,127.0.0.1,No,NA
2015/05/30_13:42,propertyregistrations.in,127.0.0.1,No,NA
2015/05/30_13:42,unr-runn.fr,127.0.0.1,No,NA
2015/05/30_13:42,stroikanev.ru,127.0.0.1,No,NA
2015/05/30_13:42,bigcocker.com,127.0.0.1,No,NA
2015/05/30_13:42,buildgrowignite.com,127.0.0.1,No,NA
2015/05/30_13:42,nicpars.ir,127.0.0.1,No,NA
2015/05/30_13:42,mcipollini.com,127.0.0.1,No,NA
2015/05/30_13:42,tobys.dk,127.0.0.1,No,NA
2015/05/30_13:42,sestry-grim.ru,127.0.0.1,No,NA
2015/05/30_13:42,nijigencospa.com,127.0.0.1,No,NA
2015/05/30_13:42,motoscout24.ch,127.0.0.1,No,NA
2015/05/30_13:42,osianama.com,127.0.0.1,No,NA
2015/05/30_13:42,adesign101.com,127.0.0.1,No,NA
2015/05/30_13:42,cubiclebot.com,127.0.0.1,No,NA
2015/05/30_13:42,tjbhzy.com,127.0.0.1,No,NA
2015/05/30_13:42,syuriken.jp,127.0.0.1,No,NA
2015/05/30_13:42,husmeandoporlared.com,127.0.0.1,No,NA
2015/05/30_13:42,radiodays.jp,127.0.0.1,No,NA
2015/05/30_13:42,glockforum.com,127.0.0.1,No,NA
2015/05/30_13:42,capacamera.net,127.0.0.1,No,NA
2015/05/30_13:42,woolandprince.com,127.0.0.1,No,NA
2015/05/30_13:42,ciekawe.org,127.0.0.1,No,NA
2015/05/30_13:42,referatdoki.ru,127.0.0.1,No,NA
2015/05/30_13:42,liturgies.net,127.0.0.1,No,NA
2015/05/30_13:42,canalphotoshop.info,127.0.0.1,No,NA
2015/05/30_13:42,amis.nl,127.0.0.1,No,NA
2015/05/30_13:42,youthplusindia.com,127.0.0.1,No,NA
2015/05/30_13:42,papajohns.cl,127.0.0.1,No,NA
2015/05/30_13:42,sixpoint.com,127.0.0.1,No,NA
2015/05/30_13:42,16savsera.com.br,127.0.0.1,No,NA
2015/05/30_13:42,wexonline.com,127.0.0.1,No,NA
2015/05/30_13:42,aluminium-guide.ru,127.0.0.1,No,NA
2015/05/30_13:42,kininaruart.com,127.0.0.1,No,NA
2015/05/30_13:42,modir.ir,127.0.0.1,No,NA
2015/05/30_13:42,napredaj.eu,127.0.0.1,No,NA
2015/05/30_13:42,st.gov.my,127.0.0.1,No,NA
2015/05/30_13:42,jorte.com,127.0.0.1,No,NA
2015/05/30_13:42,dollarhobbyz.com,127.0.0.1,No,NA
2015/05/30_13:42,anieto2k.com,127.0.0.1,No,NA
2015/05/30_13:42,transports-lia.fr,127.0.0.1,No,NA
2015/05/30_13:42,photobelly.net,127.0.0.1,No,NA
2015/05/30_13:42,ailir.com,127.0.0.1,No,NA
2015/05/30_13:42,blogforbettersewing.com,127.0.0.1,No,NA
2015/05/30_13:42,bluehatworld.com,127.0.0.1,No,NA
2015/05/30_13:42,smarterschooling.com,127.0.0.1,No,NA
2015/05/30_13:42,siirlervesozler.com,127.0.0.1,No,NA
2015/05/30_13:42,thebeaverton.com,127.0.0.1,No,NA
2015/05/30_13:42,myctu.cn,127.0.0.1,No,NA
2015/05/30_13:42,premiercarebathing.com,127.0.0.1,No,NA
2015/05/30_13:42,hartford.gov,127.0.0.1,No,NA
2015/05/30_13:42,ocps.net,127.0.0.1,No,NA
2015/05/30_13:42,multisys.gr,127.0.0.1,No,NA
2015/05/30_13:42,skypechats.net,127.0.0.1,No,NA
2015/05/30_13:42,mishangxb.tmall.com,127.0.0.1,No,NA
2015/05/30_13:42,socialinnovation.org.hk,127.0.0.1,No,NA
2015/05/30_13:42,wordswag.co,127.0.0.1,No,NA
2015/05/30_13:42,zruq.com,127.0.0.1,No,NA
2015/05/30_13:42,gamenet.it,127.0.0.1,No,NA
2015/05/30_13:42,libertydrum.com,127.0.0.1,No,NA
2015/05/30_13:42,muumuse.com,127.0.0.1,No,NA
2015/05/30_13:42,kumarproperty123.blogspot.in,127.0.0.1,No,NA
2015/05/30_13:42,keszpenzlogisztika.hu,127.0.0.1,No,NA
2015/05/30_13:42,npidoctors.com,127.0.0.1,No,NA
2015/05/30_13:42,saveexpress.de,127.0.0.1,No,NA
2015/05/30_13:42,saltcityoptics.com,127.0.0.1,No,NA
2015/05/30_13:42,rewritetherules.org,127.0.0.1,No,NA
2015/05/30_13:42,admi2888.com,127.0.0.1,No,NA
2015/05/30_13:42,studioverlichtingshop.nl,127.0.0.1,No,NA
2015/05/30_13:42,giantbicycle.com,127.0.0.1,No,NA
2015/05/30_13:42,kateich.net,127.0.0.1,No,NA
2015/05/30_13:42,hostnurse.com,127.0.0.1,No,NA
2015/05/30_13:42,dokipedia.ru,127.0.0.1,No,NA
2015/05/30_13:42,sleepingdogs.net,127.0.0.1,No,NA
2015/05/30_13:42,anglicanink.com,127.0.0.1,No,NA
2015/05/30_13:42,formasup.fr,127.0.0.1,No,NA
2015/05/30_13:42,mowajha.com,127.0.0.1,No,NA
2015/05/30_13:42,100-vegetal.com,127.0.0.1,No,NA
2015/05/30_13:42,melbournepolytechnic.edu.au,127.0.0.1,No,NA
2015/05/30_13:42,opera-novosibirsk.ru,127.0.0.1,No,NA
2015/05/30_13:42,wordpress.org,127.0.0.1,No,NA
2015/05/30_13:42,assistancekaren.se,127.0.0.1,No,NA
2015/05/30_13:42,sebkort.com,127.0.0.1,No,NA
2015/05/30_13:42,skunk2.com,127.0.0.1,No,NA
2015/05/30_13:42,zombienewsapp.com,127.0.0.1,No,NA
2015/05/30_13:42,writtenbritain.com,127.0.0.1,No,NA
2015/05/30_13:42,belimitless.co,127.0.0.1,No,NA
2015/05/30_13:42,themegarden.com,127.0.0.1,No,NA
2015/05/30_13:42,nengou-wine.com,127.0.0.1,No,NA
2015/05/30_13:42,vertical-srl.it,127.0.0.1,No,NA
2015/05/30_13:42,prozhe.com,127.0.0.1,No,NA
2015/05/30_13:42,booobrain.com,127.0.0.1,No,NA
2015/05/30_13:42,toureiffel.paris,127.0.0.1,No,NA
2015/05/30_13:42,ca-news.org,127.0.0.1,No,NA
2015/05/30_13:42,redooc.com,127.0.0.1,No,NA
2015/05/30_13:42,granlibakken.com,127.0.0.1,No,NA
2015/05/30_13:42,wellnessly.com,127.0.0.1,No,NA
2015/05/30_13:42,myinitials-inc.com,127.0.0.1,No,NA
2015/05/30_13:42,yourdesignerwear.com,127.0.0.1,No,NA
2015/05/30_13:42,electro-body-music.com,127.0.0.1,No,NA
2015/05/30_13:42,stefanmaescher.com,127.0.0.1,No,NA
2015/05/30_13:42,svetluska.cz,127.0.0.1,No,NA
2015/05/30_13:42,jendrosch-hypnose.de,127.0.0.1,No,NA
2015/05/30_13:42,lulworth.com,127.0.0.1,No,NA
2015/05/30_13:42,gites-de-france-aveyron.com,127.0.0.1,No,NA
2015/05/30_13:42,joes-messershop.de,127.0.0.1,No,NA
2015/05/30_13:42,autabruder.cz,127.0.0.1,No,NA
2015/05/30_13:42,2776.info,127.0.0.1,No,NA
2015/05/30_13:42,uniminuto.edu,127.0.0.1,No,NA
2015/05/30_13:42,lojainiat.net,127.0.0.1,No,NA
2015/05/30_13:42,ad2gain.com,127.0.0.1,No,NA
2015/05/30_13:42,responseaction.com,127.0.0.1,No,NA
2015/05/30_13:42,fisherinvestments.dk,127.0.0.1,No,NA
2015/05/30_13:42,franciskay.com,127.0.0.1,No,NA
2015/05/30_13:42,blitzer.de,127.0.0.1,No,NA
2015/05/30_13:42,balancinghome.com,127.0.0.1,No,NA
2015/05/30_13:42,hide-me.us,127.0.0.1,No,NA
2015/05/30_13:42,loyalmart.com,127.0.0.1,No,NA
2015/05/30_13:42,bildungsurlaub.de,127.0.0.1,No,NA
2015/05/30_13:42,paintthemoon.org,127.0.0.1,No,NA
2015/05/30_13:42,4gophers.com,127.0.0.1,No,NA
2015/05/30_13:42,fdbhealth.com,127.0.0.1,No,NA
2015/05/30_13:42,fiestaklubpolska.pl,127.0.0.1,No,NA
2015/05/30_13:42,obsceneporno.com,127.0.0.1,No,NA
2015/05/30_13:42,roozeto.com,127.0.0.1,No,NA
2015/05/30_13:42,stablebit.com,127.0.0.1,No,NA
2015/05/30_13:42,barnebys.com,127.0.0.1,No,NA
2015/05/30_13:42,ersag.com.tr,127.0.0.1,No,NA
2015/05/30_13:42,iosysos.com,127.0.0.1,No,NA
2015/05/30_13:42,trinity-7.com,127.0.0.1,No,NA
2015/05/30_13:42,technosurf.ch,127.0.0.1,No,NA
2015/05/30_13:42,geo-ndt.ru,127.0.0.1,No,NA
2015/05/30_13:42,magiclesson.biz,127.0.0.1,No,NA
2015/05/30_13:42,sejungmall.com,127.0.0.1,No,NA
2015/05/30_13:42,orumnarin.com,127.0.0.1,No,NA
2015/05/30_13:42,google.is,127.0.0.1,No,NA
2015/05/30_13:42,kamdi24.de,127.0.0.1,No,NA
2015/05/30_13:42,ec-net.jp,127.0.0.1,No,NA
2015/05/30_13:42,quoom.com,127.0.0.1,No,NA
2015/05/30_13:42,slipperybrick.com,127.0.0.1,No,NA
2015/05/30_13:42,donanimhaber.com,127.0.0.1,No,NA
2015/05/30_13:42,persianlanguage.ir,127.0.0.1,No,NA
2015/05/30_13:42,i11egalyoung.eu,127.0.0.1,No,NA
2015/05/30_13:42,secretariatassistant.com,127.0.0.1,No,NA
2015/05/30_13:42,networkedinsights.com,127.0.0.1,No,NA
2015/05/30_13:42,springfreetrampoline.com.au,127.0.0.1,No,NA
2015/05/30_13:42,pncconsumerservices.com,127.0.0.1,No,NA
2015/05/30_13:42,literacyplanet.com,127.0.0.1,No,NA
2015/05/30_13:42,lilbrown.com,127.0.0.1,No,NA
2015/05/30_13:42,zifzi.com,127.0.0.1,No,NA
2015/05/30_13:42,ellis-brigham.com,127.0.0.1,No,NA
2015/05/30_13:42,baza-r.ru,127.0.0.1,No,NA
2015/05/30_13:42,shaenon.com,127.0.0.1,No,NA
2015/05/30_13:42,budgettruck.com,127.0.0.1,No,NA
2015/05/30_13:42,ribony.com,127.0.0.1,No,NA
2015/05/30_13:42,wintonhomes.ca,127.0.0.1,No,NA
2015/05/30_13:42,theinquisitivemom.com,127.0.0.1,No,NA
2015/05/30_13:42,pocket-se.info,127.0.0.1,No,NA
2015/05/30_13:42,morningreporters.com,127.0.0.1,No,NA
2015/05/30_13:42,dervolksbanker.de,127.0.0.1,No,NA
2015/05/30_13:42,gun-tests.com,127.0.0.1,No,NA
2015/05/30_13:42,blueskytraveler.com,127.0.0.1,No,NA
2015/05/30_13:42,20001104.com,127.0.0.1,No,NA
2015/05/30_13:42,diamondsb.com,127.0.0.1,No,NA
2015/05/30_13:42,theuspresidents.org,127.0.0.1,No,NA
2015/05/30_13:42,pcshop-pax.com,127.0.0.1,No,NA
2015/05/30_13:42,eshop-zemedelske-potreby.cz,127.0.0.1,No,NA
2015/05/30_13:42,vadata.org,127.0.0.1,No,NA
2015/05/30_13:42,europcar.com.au,127.0.0.1,No,NA
2015/05/30_13:42,sbi.com.mx,127.0.0.1,No,NA
2015/05/30_13:42,wwoof.org,127.0.0.1,No,NA
2015/05/30_13:42,stpass.com,127.0.0.1,No,NA
2015/05/30_13:42,stlmugshots.com,127.0.0.1,No,NA
2015/05/30_13:42,gmw.cn,127.0.0.1,No,NA
2015/05/30_13:42,travelnow.com,127.0.0.1,No,NA
2015/05/30_13:42,dwolla.com,127.0.0.1,No,NA
2015/05/30_13:42,themagicfiber.com,127.0.0.1,No,NA
2015/05/30_13:42,mandrill.com,127.0.0.1,No,NA
2015/05/30_13:42,domainregistration.com.au,127.0.0.1,No,NA
2015/05/30_13:42,lookedon.com,127.0.0.1,No,NA
2015/05/30_13:42,zztube.pl,127.0.0.1,No,NA
2015/05/30_13:42,loewe.tv,127.0.0.1,No,NA
2015/05/30_13:42,actionads.ru,127.0.0.1,No,NA
2015/05/30_13:42,ferhatyesilmen.com,127.0.0.1,No,NA
2015/05/30_13:42,eroticdb.com,127.0.0.1,No,NA
2015/05/30_13:42,modularstairs.com,127.0.0.1,No,NA
2015/05/30_13:42,blee.in,127.0.0.1,No,NA
2015/05/30_13:42,96096kp.com,127.0.0.1,No,NA
2015/05/30_13:42,mullbrand.com,127.0.0.1,No,NA
2015/05/30_13:42,meigennooukoku.net,127.0.0.1,No,NA
2015/05/30_13:42,forestcoachlines.com.au,127.0.0.1,No,NA
2015/05/30_13:42,skodaxanthifc.gr,127.0.0.1,No,NA
2015/05/30_13:42,e-kurumalife.com,127.0.0.1,No,NA
2015/05/30_13:42,vvvdj.com,127.0.0.1,No,NA
2015/05/30_13:42,nastrends.com,127.0.0.1,No,NA
2015/05/30_13:42,shopmania.pt,127.0.0.1,No,NA
2015/05/30_13:42,lapisraro.com.br,127.0.0.1,No,NA
2015/05/30_13:42,turnwebcamon.com,127.0.0.1,No,NA
2015/05/30_13:42,euroschool.lu,127.0.0.1,No,NA
2015/05/30_13:42,elsynet.it,127.0.0.1,No,NA
2015/05/30_13:42,chateen.com,127.0.0.1,No,NA
2015/05/30_13:42,leubner.org,127.0.0.1,No,NA
2015/05/30_13:42,kadinlarhakkinda.com,127.0.0.1,No,NA
2015/05/30_13:42,doctor-notebookov.ru,127.0.0.1,No,NA
2015/05/30_13:42,godrakebulldogs.com,127.0.0.1,No,NA
2015/05/30_13:42,e-solat.gov.my,127.0.0.1,No,NA
2015/05/30_13:42,islamagica.es,127.0.0.1,No,NA
2015/05/30_13:42,eju.com,127.0.0.1,No,NA
2015/05/30_13:42,bambooshop.com.br,127.0.0.1,No,NA
2015/05/30_13:42,amazonbusiness.in,127.0.0.1,No,NA
2015/05/30_13:42,ginos.se,127.0.0.1,No,NA
2015/05/30_13:42,dewapoker3.com,127.0.0.1,No,NA
2015/05/30_13:42,khotkovo.ru,127.0.0.1,No,NA
2015/05/30_13:42,deansaliba.com,127.0.0.1,No,NA
2015/05/30_13:42,voked.com,127.0.0.1,No,NA
2015/05/30_13:42,canstockphoto.fr,127.0.0.1,No,NA
2015/05/30_13:42,sparklogix.com,127.0.0.1,No,NA
2015/05/30_13:42,47.pl,127.0.0.1,No,NA
2015/05/30_13:42,an.gob.ve,127.0.0.1,No,NA
2015/05/30_13:42,project2040.com,127.0.0.1,No,NA
2015/05/30_13:42,webisgreat.info,127.0.0.1,No,NA
2015/05/30_13:42,leptiricabioskop.com,127.0.0.1,No,NA
2015/05/30_13:42,alt-team.com,127.0.0.1,No,NA
2015/05/30_13:42,cercassicurazioni.it,127.0.0.1,No,NA
2015/05/30_13:42,edlovecoaching.com,127.0.0.1,No,NA
2015/05/30_13:42,finagarcia.com,127.0.0.1,No,NA
2015/05/30_13:42,madison-james.com,127.0.0.1,No,NA
2015/05/30_13:42,arminvanbuuren.com,127.0.0.1,No,NA
2015/05/30_13:42,boommy.ru/user/109315,127.0.0.1,No,NA
2015/05/30_13:42,dein-allgaeu.de,127.0.0.1,No,NA
2015/05/30_13:42,narodnaia-meditzina.ru,127.0.0.1,No,NA
2015/05/30_13:42,xn----itbb3bibdckx.xn--p1ai,127.0.0.1,No,NA
2015/05/30_13:42,fansnetwork.co.uk,127.0.0.1,No,NA
2015/05/30_13:42,infinityshoes.com,127.0.0.1,No,NA
2015/05/30_13:42,bostane.ir,127.0.0.1,No,NA
2015/05/30_13:42,mawared.qa,127.0.0.1,No,NA
2015/05/30_13:42,couponsanddiscounts.in,127.0.0.1,No,NA
2015/05/30_13:42,honyakuctr.com,127.0.0.1,No,NA
2015/05/30_13:42,nilsson-arvidsson.com,127.0.0.1,No,NA
2015/05/30_13:42,responsiveclassroom.org,127.0.0.1,No,NA
2015/05/30_13:42,premiumlista.com,127.0.0.1,No,NA
2015/05/30_13:42,sc-runner.com,127.0.0.1,No,NA
2015/05/30_13:42,clementokonkwo.org,127.0.0.1,No,NA
2015/05/30_13:42,binagro.com,127.0.0.1,No,NA
2015/05/30_13:42,latestinfographics.com,127.0.0.1,No,NA
2015/05/30_13:42,tv24.vn,127.0.0.1,No,NA
2015/05/30_13:42,sweetashoney.co.nz,127.0.0.1,No,NA
2015/05/30_13:42,entypo.com,127.0.0.1,No,NA
2015/05/30_13:42,profigym.hu,127.0.0.1,No,NA
2015/05/30_13:42,penyagolosatrails.com,127.0.0.1,No,NA
2015/05/30_13:42,ishothim.com,127.0.0.1,No,NA
2015/05/30_13:42,raring2go.co.uk,127.0.0.1,No,NA
2015/05/30_13:42,broncosports.com,127.0.0.1,No,NA
2015/05/30_13:42,uslink24.info,127.0.0.1,No,NA
2015/05/30_13:42,reportshoes.com,127.0.0.1,No,NA
2015/05/30_13:42,bentleyschool.net,127.0.0.1,No,NA
2015/05/30_13:42,softlakecity.ru,127.0.0.1,No,NA
2015/05/30_13:42,manglikmatrimony.com,127.0.0.1,No,NA
2015/05/30_13:42,starsport.com,127.0.0.1,No,NA
2015/05/30_13:42,f1inschools.com.br,127.0.0.1,No,NA
2015/05/30_13:42,stroyka.us,127.0.0.1,No,NA
2015/05/30_13:42,beveragefactory.com,127.0.0.1,No,NA
2015/05/30_13:42,solagirl.net,127.0.0.1,No,NA
2015/05/30_13:42,spotloan.com,127.0.0.1,No,NA
2015/05/30_13:42,91boshi.net,127.0.0.1,No,NA
2015/05/30_13:42,autonetmagz.com,127.0.0.1,No,NA
2015/05/30_13:42,prwd.co.uk,127.0.0.1,No,NA
2015/05/30_13:42,ylmf123.com,127.0.0.1,No,NA
2015/05/30_13:42,sobay.com.tw,127.0.0.1,No,NA
2015/05/30_13:42,meinfoto.de,127.0.0.1,No,NA
2015/05/30_13:42,esucc.org,127.0.0.1,No,NA
2015/05/30_13:42,agenciasairmet.com,127.0.0.1,No,NA
2015/05/30_13:42,sfcu.org,127.0.0.1,No,NA
