"","Id","Domain Name"
"738093",738093,"printand.co"
"868529",868529,"eio.com"
"808056",808056,"workingmommagic.com"
"186609",186609,"vodi.la"
"340664",340664,"fairtrade.org.uk"
"862632",862632,"mp-energy.gr"
"638377",638377,"rothmanfurniture.com"
"266983",266983,"3harmonydl.net"
"76249",76249,"flymeubles.com"
"308611",308611,"tvstanici.com"
"933711",933711,"wallpaperbases.com"
"29243",29243,"inube.com"
"617572",617572,"elmasriaforcars.com"
"475341",475341,"biennialfoundation.org"
"821760",821760,"tankler.com"
"549858",549858,"navidiku.eu"
"913753",913753,"royamattress.com"
"445304",445304,"pgups.com"
"161321",161321,"mrbreakfast.com"
"86638",86638,"lr-club.com"
"955299",955299,"ekitapindir.biz"
"433466",433466,"whbl.com"
"682853",682853,"placesforpeople.co.uk"
"862503",862503,"gotax.cn"
"302464",302464,"lizaalert.org"
"485752",485752,"insolitonoticias.com"
"979846",979846,"atriummed.com"
"807344",807344,"loreal-paris.com.hk"
"76124",76124,"alijiuzi.com"
"300911",300911,"usmanacademy.com"
"590119",590119,"volcanolife.com"
"883893",883893,"familytreesandcrests.com"
"72400",72400,"lusailcity.qa"
"597360",597360,"stickyholsters.com"
"491478",491478,"sexbabesart.com"
"964008",964008,"solarlunarx.blogspot.com.tr"
"529712",529712,"wtshop.co.kr"
"33822",33822,"homecenter.com.co"
"641718",641718,"ediaro.com"
"409432",409432,"macebiznes.pl"
"664398",664398,"robertlubrican.com"
"459314",459314,"thoulovesthee.tumblr.com"
"683906",683906,"vintage-sunglasses-shop.com"
"51679",51679,"cultizm.com"
"505470",505470,"dotnet-france.com"
"375075",375075,"mpz.co"
"347333",347333,"sundaymail.co.zw"
"214415",214415,"asstel.de"
"215930",215930,"jiazhao.com"
"23436",23436,"ablesky.com"
"888906",888906,"rothonline.de"
"349605",349605,"lnwmarket.com"
"892920",892920,"dkd.ru"
"536610",536610,"chiangmaiarea1.go.th"
"304021",304021,"semtech.com"
"129804",129804,"webit.ru"
"547228",547228,"na-massage.com"
"854653",854653,"namlongvn.com"
"662411",662411,"elkgrovecity.org"
"828696",828696,"oramd.com"
"983033",983033,"eciuchy.com.pl"
"78167",78167,"ori.nic.in"
"523713",523713,"lcontactos.com"
"2425",2425,"campaign-archive2.com"
"543378",543378,"plushbezlimitu.pl"
"772663",772663,"greenex-studio.com"
"850859",850859,"oinobuko.com"
"822790",822790,"jobsatkerala.com"
"643195",643195,"bikestore.com.mx"
"978320",978320,"hausschlachtebedarf.de"
"542227",542227,"paidi.gr"
"577999",577999,"eamythic.com"
"657203",657203,"mysql.de"
"235978",235978,"iranfun2.ga"
"944100",944100,"galt.mx"
"909606",909606,"mondoeconomia.com"
"886815",886815,"betterplaced.com"
"860538",860538,"bizenquiry.com"
"445418",445418,"gpina.com"
"486549",486549,"ferugby.es"
"17320",17320,"kingautos.net"
"871574",871574,"hetras.com"
"450217",450217,"eurotrucksimulator2.de"
"333038",333038,"ferialibromadrid.com"
"715986",715986,"healthimize.com"
"48586",48586,"upes.ac.in"
"463079",463079,"cancercare.org"
"637177",637177,"terrybrooks.net"
"65369",65369,"alkhaleejonline.net"
"82025",82025,"liveinstyle.com"
"570111",570111,"turkcuturanci.com"
"810726",810726,"citydogsrescuedc.org"
"175417",175417,"mratwork.com"
"368789",368789,"amsilo.com"
"414574",414574,"taringamp3.org"
"656081",656081,"foromedios.com"
"677197",677197,"almol5as.com"
"391622",391622,"gcaa.ae"
"438170",438170,"coupontrump.com"
"897168",897168,"designloud.com"
"463249",463249,"colas.com"
"210992",210992,"sp-fans.tv"
"866832",866832,"nri.edu.in"
"16073",16073,"anyoption.com"
"856109",856109,"marketplacester.com"
"636607",636607,"infocenter-odessa.com"
"228834",228834,"escortsandbabes.com.au"
"876860",876860,"herbalsembuhku.com"
"409150",409150,"hardbritlads.com"
"689306",689306,"segundacita.blogspot.com"
"107419",107419,"reate.info"
"21357",21357,"easymash.com"
"155797",155797,"eatingthaifood.com"
"144581",144581,"freescript.ir"
"338538",338538,"chinaccs.com"
"266259",266259,"topratedfirms.com"
"601835",601835,"rayanhost.com"
"139722",139722,"cablemas.com"
"780641",780641,"popnews.biz"
"49947",49947,"chevron.com"
"585194",585194,"visamapper.com"
"50753",50753,"citifmonline.com"
"467541",467541,"elblogdeyes.com"
"501614",501614,"tweetchup.com"
"801320",801320,"ralode.com"
"472839",472839,"tuenti.com.ar"
"197727",197727,"porn-in.com"
"618519",618519,"acnservices.com"
"727490",727490,"giraffesocialmedia.co.uk"
"310377",310377,"edfeclairevotreclub.com"
"118417",118417,"wood-film.ru"
"515812",515812,"trade.cz"
"587130",587130,"evdoforums.com"
"243058",243058,"mnbound.com"
"621393",621393,"3gwifi.net"
"599996",599996,"scoopkart.com"
"980537",980537,"sevrg.ru"
"453167",453167,"bitninja.io"
"292138",292138,"notrickszone.com"
"461281",461281,"irepeater.com"
"834402",834402,"zsbenkova.sk"
"688083",688083,"kanal24.az"
"513158",513158,"finek-nn.ru"
"809667",809667,"angelikanetwork.com"
"233270",233270,"180grader.dk"
"779424",779424,"webshieldonline.com"
"116431",116431,"travelinfo.co.za"
"429692",429692,"diego10arnaiz.com"
"494357",494357,"horizonentrepreneurs.fr"
"548224",548224,"mentholatum.tmall.com"
"272710",272710,"ddnf.jp"
"475960",475960,"ghertlez.com"
"159031",159031,"cardsynergy.com"
"303868",303868,"andelicashop.se"
"515022",515022,"boldmedia.co.za"
"661110",661110,"australherbs.com.au"
"601268",601268,"brostube.com"
"945207",945207,"nuovaseduzionenaturale.it"
"389946",389946,"tacklenews.net"
"796526",796526,"chuangchao.com.cn"
"789382",789382,"amtonline.org"
"979419",979419,"pinda360.com/user/login"
"39662",39662,"52rd.com"
"382046",382046,"everestnews.com"
"380499",380499,"reinadelcielo.org"
"408347",408347,"antwerpmanagementschool.be"
"849171",849171,"kiyanet.ir"
"577277",577277,"schleswiger-ag.de"
"944765",944765,"aggress.ru"
"398848",398848,"pakistandating.net"
"191208",191208,"thingsyouneedknow.com"
"755156",755156,"phonemarket.nl"
"251648",251648,"vulbox.com"
"681175",681175,"namuseum.gr"
"101925",101925,"riyadh2day.com"
"943478",943478,"helenstats.com"
"293929",293929,"orangelake.com"
"37313",37313,"a-kaguya.com"
"414980",414980,"mode-in-motion.com"
"673813",673813,"airportsineurope.com"
"365517",365517,"89966.com"
"350473",350473,"recoverytoolbox.com"
"557970",557970,"digitalbirdphotography.com"
"787977",787977,"allkpoper.com"
"234516",234516,"education4usa.info"
"966786",966786,"gdata.pl"
"692537",692537,"mommalew.com"
"725668",725668,"germanporntube.biz"
"394446",394446,"dhtmarket.com"
"479475",479475,"dadimaakegharelunuskhe.com"
"933494",933494,"negahpub.com"
"965178",965178,"mirrybolova.com.ua"
"113446",113446,"co-construct.com"
"210687",210687,"clientexec.com"
"146742",146742,"marketingwithalex.com"
"915933",915933,"soulgaminghacks.com"
"80043",80043,"narino.info"
"371344",371344,"kickassbase.im"
"921231",921231,"yepp.nl"
"692262",692262,"tiendainterpro.com"
"163870",163870,"lifebet.ru"
"552984",552984,"redsome.com"
"611941",611941,"ridetheducks.com"
"915415",915415,"borger-odoorn.nl"
"998730",998730,"vodokanal.zp.ua"
"827053",827053,"rollbase.com"
"937863",937863,"diputaciolleida.cat"
"911088",911088,"pharmagest.com"
"833240",833240,"pali-design.com"
"484567",484567,"fishidy.com"
"28324",28324,"pof.fr"
"321948",321948,"spd.org"
"664987",664987,"nomenu.com"
"580906",580906,"halifax-intermediariesonline.co.uk"
"528614",528614,"pear-lover.tumblr.com"
"919613",919613,"dynamicbearings.com"
"563866",563866,"thedermblog.com"
"764663",764663,"investorimmigrationvisa.com"
"795338",795338,"kvadrat64.ru"
"717049",717049,"boutiquehomes.com.au"
"491128",491128,"hangthanhly436.com"
"23899",23899,"nationsonline.org"
"3646",3646,"ufl.edu"
"887822",887822,"wallpapermine.com"
"497680",497680,"campustimesug.com"
"63229",63229,"blogs.sapo.pt"
"597905",597905,"bilbaoturismo.net"
"572644",572644,"swiftbic.com"
"104033",104033,"gajotres.net"
"823211",823211,"olivebeer.com"
"662650",662650,"tanijogonegoro.com"
"140477",140477,"apnaplan.com"
"459722",459722,"niusushi.cl"
"992129",992129,"hana-yoshi.net"
"108958",108958,"axelspringer.de"
"828972",828972,"efepae.gr"
"789789",789789,"knights-wood.com"
"74074",74074,"rumormillnews.com"
"88389",88389,"klikmbc.co.id"
"226976",226976,"emoceanstudios.com.au"
"178905",178905,"wmd.ru"
"422673",422673,"ntv.org.np"
"240700",240700,"auxiliar-enfermeria.com"
"713694",713694,"boxil.jp"
"485576",485576,"pamm.org"
"684810",684810,"azbukamedic.ru"
"500399",500399,"sibzsolutions.com"
"877393",877393,"getresponse.my"
"739586",739586,"toyoas.jp"
"706954",706954,"bycrazem.com"
"455017",455017,"thecreativecollective.com.au"
"421294",421294,"propelsteps.wordpress.com"
"954054",954054,"slaughterandmay.com"
"372355",372355,"quemou.com"
"629559",629559,"exetermarketingtips.co.uk"
"346903",346903,"seo.co.uk"
"783533",783533,"ctqsolutions.com"
"10349",10349,"housebeautiful.com"
"5144",5144,"decathlon.fr"
"58788",58788,"computrabajo.com.ec"
"886842",886842,"secure.serve.com/Z4rXU+QiPEhGq2Tl51kvpw=="
"855859",855859,"sitiodolivro.pt"
"627337",627337,"healthyone.org"
"34055",34055,"probikeshop.fr"
"364977",364977,"leekes.co.uk"
"65273",65273,"yxfanfan.com"
"591080",591080,"cialisgenerika.com"
"739152",739152,"anime-hen.net"
"912883",912883,"javan98.com"
"909908",909908,"vdeck.com"
"284374",284374,"medianewschannel.net"
"140104",140104,"fly.co.uk"
"715439",715439,"caravan-salon.de"
"611517",611517,"sexyamateurtube.net"
"132197",132197,"bloggermaruf.com"
"508869",508869,"solidus.gr"
"504252",504252,"nervion.com.mx"
"71919",71919,"ebela.in"
"279987",279987,"acer-userforum.de"
"874740",874740,"rclogger.com"
"457984",457984,"ksfe.com"
"540447",540447,"naibaat.pk"
"189119",189119,"rinnai.us"
"13743",13743,"click-sec.com"
"787629",787629,"f5poker.com"
"491663",491663,"nutritionalanarchy.com"
"868622",868622,"electroking.es"
"298187",298187,"offshoregit.com"
"196162",196162,"dilforum.com"
"589549",589549,"cybertlc.world"
"644062",644062,"serimalaysia.com.my"
"466607",466607,"biz-stay.com"
"827228",827228,"natural-wonder-pets.com"
"288730",288730,"dealsdoneright.com"
"490196",490196,"iwebyou.fr"
"690203",690203,"bakershoes.com"
"307883",307883,"bangchak.co.th"
"393357",393357,"bestselfatlanta.com"
"31842",31842,"socialengine.com"
"461335",461335,"christmas.com"
"405454",405454,"holahola.pl"
"214192",214192,"surf-stick.net"
"850407",850407,"clovismoliveira.wordpress.com"
"654563",654563,"kanchela.com"
"816186",816186,"rotiform.com"
"582489",582489,"crowdspring.com/user/activate"
"531787",531787,"abercrombie.com.hk"
"467643",467643,"jbcsport.net"
"504674",504674,"asoledolls.ru"
"603828",603828,"modelshipworld.com"
"417177",417177,"leapingpost.com"
"111456",111456,"prothemes.biz"
"352267",352267,"thaitritonclub.com"
"69906",69906,"gaddin.com"
"827254",827254,"danielcurran.com"
"648312",648312,"avisa-st.no"
"297129",297129,"tp-link.fr"
"366720",366720,"cra.gc.ca"
"47576",47576,"rocketfuel.com"
"161933",161933,"kpntravels.in"
"201690",201690,"truenutrition.com"
"391971",391971,"okumafishing.com"
"463972",463972,"panchiraboin.com"
"156417",156417,"foreverautohits.com"
"322209",322209,"llronline.com"
"655364",655364,"www88888q.com"
"872488",872488,"fingerbuying.com"
"864136",864136,"kartingrfeda.com"
"368294",368294,"androidappsbuzz.com"
"457369",457369,"gardoonak.ir"
"525183",525183,"siuecougars.com"
"384224",384224,"nukeblogger.com"
"494960",494960,"asi.ru"
"263835",263835,"fbainspection.com"
"3245",3245,"usajobs.gov"
"929844",929844,"phalcontip.com"
"37528",37528,"jjmmw.com"
"286324",286324,"cascadeclimbers.com"
"793121",793121,"ohwy.com"
"343487",343487,"oliolihawaii.com"
"969471",969471,"actalians.fr"
"134588",134588,"tablesleague.com"
"657473",657473,"sewingmachinesales.co.uk"
"784156",784156,"attivissimo.blogspot.com"
"862072",862072,"d-d-vapor.myshopify.com"
"534885",534885,"scientology-cult.com"
"684531",684531,"tehransabanet.ir"
"150672",150672,"spice-up-your-life.net"
"517937",517937,"prolingvo.info"
"537829",537829,"farmline.fr"
"552499",552499,"hocuto.rs"
"472449",472449,"isvecgundemi.com"
"845125",845125,"klimaprofis.com"
"109878",109878,"saturn.net"
"250246",250246,"xn--cckydsa4ig0441duct3r3anj4c.com"
"262099",262099,"topcamsites.com"
"553951",553951,"pqi.or.kr"
"961503",961503,"yourkfc.co.uk"
"951906",951906,"associaciosantjordi.org"
"277096",277096,"idlebing.com"
"734579",734579,"alles.hr"
"676643",676643,"ccnhub.com"
"380809",380809,"timeoutvietnam.com"
"186940",186940,"madagascar-hotels-online.com"
"641457",641457,"setelhabayeb.tv"
"586944",586944,"mes-revenus-domicile.com"
"738044",738044,"home-coaching.be"
"454784",454784,"celebsfilms.com"
"72262",72262,"wahawang.com"
"756678",756678,"vbdar.com"
"527021",527021,"gruhinii.com"
"66561",66561,"giantfood.com"
"41161",41161,"lastfm.fr"
"537897",537897,"itsupportdesk.in"
"332506",332506,"propertiesonline.com"
"294857",294857,"mickael-challet.com"
"373224",373224,"umin.ne.jp"
"941831",941831,"isuzudmax.in"
"347764",347764,"adche.ir"
"928712",928712,"eattendance.net"
"82023",82023,"buono-gratis.com"
"702243",702243,"shockpoint.com"
"167859",167859,"bizandbit.com"
"176534",176534,"thefashionchor.com"
"837347",837347,"marathonbatteries.com"
"819997",819997,"hospedagemdesite.me"
"219335",219335,"kshowindo.net"
"239343",239343,"dailyoftheday.com"
"685554",685554,"getg5.com"
"818037",818037,"panasonic.com.sa"
"574094",574094,"guifi.net"
"631106",631106,"syndicatebikes.com"
"506355",506355,"accuphase.co.jp"
"574296",574296,"livesudoku.com"
"602818",602818,"nccedu.com"
"183408",183408,"imagenomic.com"
"761094",761094,"brendayoga.tumblr.com"
"616490",616490,"2500city.com"
"826495",826495,"cgimmo.lu"
"700521",700521,"frautulpe.de"
"319529",319529,"webcssgallery.com"
"904718",904718,"tjc.org.tw"
"498780",498780,"ministrysafe.com"
"804262",804262,"pushpi.com"
"47237",47237,"myjizz.xyz"
"314240",314240,"amicidellavela.it"
"188200",188200,"sterlegrad.ru"
"483845",483845,"du114.com"
"433095",433095,"kvarremontnik.ru"
"210095",210095,"cleverfiles.com"
"515194",515194,"286.xyz"
"394617",394617,"paolobotticelli.com"
"707254",707254,"hudsonstarobserver.com"
"955908",955908,"igrasmeshariki.ru"
"961386",961386,"umeya-shop.com"
"335686",335686,"ligabbvagame.com"
"53993",53993,"torrentsmirror.com"
"105900",105900,"amalh.net"
"767057",767057,"k2snowboarding.com"
"932909",932909,"torrentsfiles.ru"
"28083",28083,"ourebook.org"
"356789",356789,"gps.az"
"223169",223169,"kontur-extern.ru"
"808535",808535,"my21daysugardetoxreview.com"
"48621",48621,"toughmudder.com"
"236712",236712,"thecorner.jp"
"123284",123284,"haokan66.com"
"177981",177981,"avantajadas.com.br"
"620726",620726,"home-water-works.org"
"224158",224158,"blilk.com"
"42677",42677,"tjcy007.com"
"685368",685368,"miryam.ir"
"233172",233172,"blackviper.com"
"183984",183984,"yst.ru"
"8256",8256,"icarros.com.br"
"226498",226498,"wegreened.com"
"857400",857400,"nature-obsession.fr"
"466330",466330,"speed-kaitori.jp"
"288387",288387,"library.kherson.ua"
"736028",736028,"shara-games.ru"
"186495",186495,"californiapetpharmacy.com"
"601555",601555,"humphreyfellowship.org"
"914910",914910,"viberr.ir"
"361272",361272,"milkingtable.com"
"306952",306952,"ontheroofs.com"
"514775",514775,"birlikgazetesi.info"
"455381",455381,"cem.ac.uk"
"266588",266588,"dinkymovies.com"
"282799",282799,"harapartners.com"
"196440",196440,"jammerfromchina.com"
"746313",746313,"youtube.com/user/AlinaSkripkina300520"
"920330",920330,"dish.mx"
"347408",347408,"baq.ir"
"447410",447410,"greners.com"
"514028",514028,"learnforexlive.com"
"448121",448121,"v2hosters.com"
"574502",574502,"bobbysburgerpalace.com"
"471804",471804,"enflyer.com"
"760180",760180,"3yx.com"
"342472",342472,"frberg-hf.dk"
"657189",657189,"topbest.kr"
"873039",873039,"xizhengw.com"
"406859",406859,"kiss-me-kiss-me.com"
"370892",370892,"mypaperpumpkin.com"
"568816",568816,"clubjapo.com"
"299675",299675,"courseload.com"
"22305",22305,"jisin.jp"
"607254",607254,"poulaillerdesign.com"
"44482",44482,"glamrap.pl"
"805120",805120,"jimmychurchradio.com"
"100012",100012,"marketong.kr"
"173734",173734,"2wid.net"
"488693",488693,"pastaleads.com"
"704581",704581,"s-kupe.by"
"702525",702525,"hinter-den-schlagzeilen.info"
"849344",849344,"turnitinuk.net"
"372095",372095,"magnify.net"
"987213",987213,"gluedots.com"
"54456",54456,"videosxxxvideos.com"
"389118",389118,"econetwireless.com"
"577008",577008,"bncollegemail.com"
"334482",334482,"startservicess.com"
"917845",917845,"ghzali.com"
"767321",767321,"epf.lk"
"841052",841052,"winitcanada.weebly.com"
"123364",123364,"trafi.fi"
"995937",995937,"mojmikro.si"
"302012",302012,"vntu.edu.ua"
"539631",539631,"katalogbai.pl"
"662143",662143,"fotostrips.nl"
"527",527,"eastday.com"
"683858",683858,"todohistorietas.com.ar"
"509728",509728,"fragmantvizle.com"
"204248",204248,"asia.ru"
"710055",710055,"starrox.in"
"352459",352459,"globbsecurity.com"
"348331",348331,"psdfly.com"
"74367",74367,"soberrecovery.com"
"924279",924279,"okanokouen.com"
"350309",350309,"elreyleon.es"
"310212",310212,"netsama.com"
"55023",55023,"bongdafun.info"
"691159",691159,"golf7freunde.de"
"971428",971428,"myanhao.com"
"868230",868230,"qigroup.com"
"886429",886429,"asanproject.ir"
"447660",447660,"1988.tv"
"547600",547600,"59178.com"
"126848",126848,"foliovision.com"
"962054",962054,"knozclean.com"
"861067",861067,"trideco-shop.com"
"354494",354494,"hiddencamsvideo.com"
"842531",842531,"orix.com"
"875022",875022,"brickrepublic.com"
"132373",132373,"saix.net"
"417437",417437,"syougo.jp"
"938778",938778,"hkd50.com"
"141112",141112,"importers.com"
"798840",798840,"hppodcraft.com"
"29463",29463,"superdelivery.com"
"702655",702655,"sendp.com"
"915518",915518,"islamicreliefcanada.org"
"916170",916170,"mazda.fi"
"748853",748853,"whojesusis.com"
"295000",295000,"fixeads.com"
"837388",837388,"pssfclass4govtemployeeunionpb.com"
"667991",667991,"mojkorner.com"
"222166",222166,"dvdverdict.com"
"490398",490398,"mygitar.com"
"43810",43810,"esm3.com"
"773042",773042,"herbahaz.hu"
"312966",312966,"aaa4mob.com"
"767713",767713,"amor1033.mx"
"708602",708602,"bulgarianembassy-london.org"
"537739",537739,"alumn-e.com"
"385994",385994,"auntbeesrecipes.com"
"193437",193437,"csslint.net"
"283362",283362,"wwf.fr"
"300793",300793,"go-jamaica.com"
"683540",683540,"aflmsex.com"
"511129",511129,"ccn.com.cn"
"42209",42209,"kldp.org"
"115411",115411,"readitforward.com"
"246642",246642,"ihb.io"
"232942",232942,"techadvisory.org"
"933155",933155,"mondial-assistance.pl"
"437388",437388,"universoabierto.com"
"96316",96316,"dvb.no"
"67967",67967,"gpg.gov.za"
"669543",669543,"careercornerstone.org"
"406987",406987,"1145.jp"
"932184",932184,"dececco.it"
"662429",662429,"espressoworks.com.au"
"391180",391180,"epiplagand.gr"
"132009",132009,"prowrestlingtees.com"
"281760",281760,"jobsterne.de"
"608103",608103,"trackback.it"
"631389",631389,"virginblak.com"
"877258",877258,"theresaskueche.de"
"740014",740014,"py7.ru"
"240450",240450,"infofresh.pl"
"73463",73463,"ttsnapshot.biz"
"561812",561812,"dowkakoh.co.jp"
"962666",962666,"bhxflightguide.blogspot.co.uk"
"327601",327601,"ncc-indonesia.com"
"947917",947917,"embuk.pl"
"125737",125737,"atthesinema.co.uk"
"139766",139766,"fwisd.org"
"737328",737328,"tiresall.com"
"374105",374105,"2getflv.com"
"245828",245828,"hollanderparts.com"
"91504",91504,"chinaidr.com"
"634066",634066,"telem1.ch"
"746187",746187,"fazdl.ir"
"345644",345644,"gazetams.com.br"
"594853",594853,"firmlist.com"
"5333",5333,"ed2000.com"
"442646",442646,"efeilab.it"
"218349",218349,"wpnovin.ir"
"719883",719883,"tackleisland-laketown.net"
"600096",600096,"beargoggleson.com"
"11053",11053,"higheredjobs.com"
"77843",77843,"dubaicalendar.ae"
"68839",68839,"mcxcontrol.com"
"262018",262018,"cheerios.com"
"308223",308223,"rekeers.net"
"532117",532117,"storent.org"
"47032",47032,"transparentcalifornia.com"
"387095",387095,"mundodeportivocr.com"
"674149",674149,"orenlib.ru"
"784233",784233,"webnode.com.uy"
"703731",703731,"whatfatemahsays.com"
"181904",181904,"centerforinquiry.net"
"348845",348845,"demoslavueltaaldia.com"
"235059",235059,"ymcagta.org"
"718888",718888,"folieshoppen.dk"
"972735",972735,"cannonsuk.com"
"622366",622366,"gogoebooks.com"
"338772",338772,"javakup.com"
"190552",190552,"datasheet-pdf.com"
"279736",279736,"travel2.com"
"661265",661265,"kissablecomplexions.com"
"119904",119904,"gildwars.net"
"405460",405460,"way2hacking.com"
"274019",274019,"jimbutcheronline.com"
"661386",661386,"smac-mca.com"
"98579",98579,"calvista.com.au"
"2786",2786,"brtn.cn"
"635569",635569,"vamaker.com"
"130215",130215,"canoncameranews-capetown.info"
"890465",890465,"mixia.ca"
"722389",722389,"ipjugaad.com"
"450503",450503,"guem-kaercher-shop.at"
"167244",167244,"bobshouseofporn.com"
"348048",348048,"babywhisper.co.kr"
"831617",831617,"jobon.tmall.com"
"759767",759767,"letsgovikes.com"
"346673",346673,"stableit.ru"
"426735",426735,"verycompressedgames.com"
"773670",773670,"clinicavazmed.com.br"
"7290",7290,"torrentproject.se"
"91810",91810,"securesites.com"
"468963",468963,"bookmylens.com"
"116987",116987,"doregi.com"
"200049",200049,"wcccd.edu"
"92590",92590,"2513.info"
"82111",82111,"taiwangun.com"
"553579",553579,"faurax.fr"
"319754",319754,"southtravels.com"
"118307",118307,"edutainme.ru"
"539093",539093,"aspa.cz"
"82222",82222,"visitcalifornia.com"
"530864",530864,"georgiacarpet.com"
"619677",619677,"rslrs22-server.com"
"202014",202014,"asxetos.gr"
"294261",294261,"satoshi-beach.net"
"223814",223814,"captiongenerator.com"
"812581",812581,"mitiendahipica.com"
"960468",960468,"komaks.com"
"32699",32699,"tutor2u.net"
"407982",407982,"farm.or.jp"
"45215",45215,"anyang.gov.cn"
"933921",933921,"rollmob.com"
"779433",779433,"energiesparaktion.de"
"626035",626035,"jcbna.com"
"306259",306259,"silverts.com"
"460190",460190,"lovelylanguage.ru"
"256436",256436,"luxmannlighting.com"
"533490",533490,"mountainprophet.de"
"692204",692204,"btls.com"
"374842",374842,"custom-essays.org"
"368507",368507,"seputarolahraga.com"
"933814",933814,"thedutchnyc.com"
"737221",737221,"bergerbullets.com"
"641087",641087,"varcent.ru"
"743074",743074,"churchmutual.com"
"864258",864258,"webdesign4for299.com"
"662368",662368,"forbesthailand.com"
"264059",264059,"indianapolismonthly.com"
"505682",505682,"quiz-solver.com"
"433840",433840,"polytron.co.id"
"642148",642148,"fh-bonn-rhein-sieg.de"
"483830",483830,"chinahetao.com.cn"
"899979",899979,"helena-arkansas.com"
"952593",952593,"modelosdeconvite.com.br"
"778915",778915,"womenzmag.com"
"382996",382996,"hdmaza.pk"
"980821",980821,"nigesb.com"
"91682",91682,"gpw.pl"
"253093",253093,"y-olo.gr"
"988418",988418,"banrural.com.hn"
"11941",11941,"playermailer.net"
"158295",158295,"contexttravel.com"
"306941",306941,"marutimga.com"
"929581",929581,"airleben.de"
"69099",69099,"yellow-pages.ph"
"529479",529479,"anjalijewellers.in"
"189578",189578,"hecltd.com"
"314035",314035,"bolina.it"
"625210",625210,"clzschoolplein.nl"
"795365",795365,"webpiaoliang.com"
"451107",451107,"mizuho-ir.co.jp"
"117530",117530,"strangertickets.com"
"646390",646390,"vsem.cz"
"505327",505327,"altus.com.tr"
"892647",892647,"easywriter.gr"
"81327",81327,"luca.com.tr"
"933752",933752,"ash3ary.net"
"730682",730682,"patriciabordados.com.br"
"581597",581597,"ehuanyun.com"
"47572",47572,"mam9.com"
"838685",838685,"viforpharma.com"
"527147",527147,"dadajt.com"
"53548",53548,"rackaid.com"
"723182",723182,"sunnykfir.com"
"549624",549624,"globalenergycertification.org"
"280507",280507,"sportwette.net"
"227210",227210,"osiander.de"
"998309",998309,"jomansnetmarketing.com"
"635111",635111,"autonet.com.vn"
"375305",375305,"hdwallpapersone.com"
"584814",584814,"kyocera.eu"
"403721",403721,"organicnetwork.jp"
"103429",103429,"colorscheme.ru"
"902373",902373,"rt-sb.net"
"65097",65097,"santarosa.edu"
"425531",425531,"insanepornvids.com"
"187769",187769,"henshinwatch.blogspot.com"
"311276",311276,"primextech.com.br"
"557828",557828,"givedirectly.org"
"849117",849117,"normal.org"
"70070",70070,"keraladesham.com"
"571273",571273,"rabla.ro"
"406653",406653,"losgamers.com"
"886339",886339,"ydsj.tmall.com"
"595501",595501,"thetortoisetable.org.uk"
"859460",859460,"mkt4701.com"
"695612",695612,"kaidouarukitabi.com"
"938194",938194,"chasingtreasure.com"
"974736",974736,"phoenixisland.co.kr"
"749302",749302,"leezasurfaces.com"
"275137",275137,"bloggerlamongan.com"
"229022",229022,"findingjoy.net"
"886788",886788,"ned-service.com"
"757742",757742,"gryzhi-net.ru"
"447796",447796,"sphcs.org"
"82924",82924,"alipay.net"
"197602",197602,"flybuys.co.nz"
"415440",415440,"propertyregistrations.in"
"366005",366005,"unr-runn.fr"
"419139",419139,"stroikanev.ru"
"280500",280500,"bigcocker.com"
"900447",900447,"buildgrowignite.com"
"263124",263124,"nicpars.ir"
"503030",503030,"mcipollini.com"
"327702",327702,"tobys.dk"
"600815",600815,"sestry-grim.ru"
"151117",151117,"nijigencospa.com"
"88221",88221,"motoscout24.ch"
"349456",349456,"osianama.com"
"182303",182303,"adesign101.com"
"768866",768866,"cubiclebot.com"
"797858",797858,"tjbhzy.com"
"401664",401664,"syuriken.jp"
"616297",616297,"husmeandoporlared.com"
"684454",684454,"radiodays.jp"
"310235",310235,"glockforum.com"
"175361",175361,"capacamera.net"
"407045",407045,"woolandprince.com"
"828417",828417,"ciekawe.org"
"797919",797919,"referatdoki.ru"
"751737",751737,"liturgies.net"
"778638",778638,"canalphotoshop.info"
"187554",187554,"amis.nl"
"301671",301671,"youthplusindia.com"
"428520",428520,"papajohns.cl"
"561285",561285,"sixpoint.com"
"142532",142532,"16savsera.com.br"
"166956",166956,"wexonline.com"
"583798",583798,"aluminium-guide.ru"
"951449",951449,"kininaruart.com"
"42883",42883,"modir.ir"
"456063",456063,"napredaj.eu"
"555574",555574,"st.gov.my"
"370706",370706,"jorte.com"
"188069",188069,"dollarhobbyz.com"
"285531",285531,"anieto2k.com"
"456184",456184,"transports-lia.fr"
"880968",880968,"photobelly.net"
"37180",37180,"ailir.com"
"361083",361083,"blogforbettersewing.com"
"416090",416090,"bluehatworld.com"
"199527",199527,"smarterschooling.com"
"360212",360212,"siirlervesozler.com"
"214338",214338,"thebeaverton.com"
"51167",51167,"myctu.cn"
"134933",134933,"premiercarebathing.com"
"630783",630783,"hartford.gov"
"29661",29661,"ocps.net"
"253714",253714,"multisys.gr"
"158259",158259,"skypechats.net"
"248826",248826,"mishangxb.tmall.com"
"820889",820889,"socialinnovation.org.hk"
"250181",250181,"wordswag.co"
"65837",65837,"zruq.com"
"399495",399495,"gamenet.it"
"946682",946682,"libertydrum.com"
"310460",310460,"muumuse.com"
"803529",803529,"kumarproperty123.blogspot.in"
"910456",910456,"keszpenzlogisztika.hu"
"797197",797197,"npidoctors.com"
"620941",620941,"saveexpress.de"
"711413",711413,"saltcityoptics.com"
"926226",926226,"rewritetherules.org"
"415017",415017,"admi2888.com"
"694675",694675,"studioverlichtingshop.nl"
"833939",833939,"giantbicycle.com"
"44986",44986,"kateich.net"
"436815",436815,"hostnurse.com"
"619734",619734,"dokipedia.ru"
"815597",815597,"sleepingdogs.net"
"392345",392345,"anglicanink.com"
"438293",438293,"formasup.fr"
"748489",748489,"mowajha.com"
"685893",685893,"100-vegetal.com"
"261088",261088,"melbournepolytechnic.edu.au"
"956036",956036,"opera-novosibirsk.ru"
"185",185,"wordpress.org"
"646751",646751,"assistancekaren.se"
"154253",154253,"sebkort.com"
"481831",481831,"skunk2.com"
"364889",364889,"zombienewsapp.com"
"815708",815708,"writtenbritain.com"
"187299",187299,"belimitless.co"
"58930",58930,"themegarden.com"
"712069",712069,"nengou-wine.com"
"827183",827183,"vertical-srl.it"
"29787",29787,"prozhe.com"
"636718",636718,"booobrain.com"
"72755",72755,"toureiffel.paris"
"72307",72307,"ca-news.org"
"592882",592882,"redooc.com"
"976388",976388,"granlibakken.com"
"621045",621045,"wellnessly.com"
"243242",243242,"myinitials-inc.com"
"427891",427891,"yourdesignerwear.com"
"504964",504964,"electro-body-music.com"
"376420",376420,"stefanmaescher.com"
"842485",842485,"svetluska.cz"
"908664",908664,"jendrosch-hypnose.de"
"943895",943895,"lulworth.com"
"834701",834701,"gites-de-france-aveyron.com"
"756519",756519,"joes-messershop.de"
"814492",814492,"autabruder.cz"
"18137",18137,"2776.info"
"16022",16022,"uniminuto.edu"
"288451",288451,"lojainiat.net"
"794181",794181,"ad2gain.com"
"449343",449343,"responseaction.com"
"810118",810118,"fisherinvestments.dk"
"861184",861184,"franciskay.com"
"520796",520796,"blitzer.de"
"512463",512463,"balancinghome.com"
"636215",636215,"hide-me.us"
"547784",547784,"loyalmart.com"
"764244",764244,"bildungsurlaub.de"
"271519",271519,"paintthemoon.org"
"717099",717099,"4gophers.com"
"471227",471227,"fdbhealth.com"
"646085",646085,"fiestaklubpolska.pl"
"790850",790850,"obsceneporno.com"
"674920",674920,"roozeto.com"
"540553",540553,"stablebit.com"
"768832",768832,"barnebys.com"
"212639",212639,"ersag.com.tr"
"459447",459447,"iosysos.com"
"361217",361217,"trinity-7.com"
"445365",445365,"technosurf.ch"
"487969",487969,"geo-ndt.ru"
"804805",804805,"magiclesson.biz"
"91019",91019,"sejungmall.com"
"955864",955864,"orumnarin.com"
"14524",14524,"google.is"
"298520",298520,"kamdi24.de"
"111450",111450,"ec-net.jp"
"851224",851224,"quoom.com"
"435276",435276,"slipperybrick.com"
"1107",1107,"donanimhaber.com"
"241676",241676,"persianlanguage.ir"
"951741",951741,"i11egalyoung.eu"
"449522",449522,"secretariatassistant.com"
"975361",975361,"networkedinsights.com"
"691867",691867,"springfreetrampoline.com.au"
"946143",946143,"pncconsumerservices.com"
"747271",747271,"literacyplanet.com"
"377450",377450,"lilbrown.com"
"341816",341816,"zifzi.com"
"139329",139329,"ellis-brigham.com"
"699081",699081,"baza-r.ru"
"920401",920401,"shaenon.com"
"35496",35496,"budgettruck.com"
"152013",152013,"ribony.com"
"923306",923306,"wintonhomes.ca"
"695028",695028,"theinquisitivemom.com"
"489254",489254,"pocket-se.info"
"859503",859503,"morningreporters.com"
"725392",725392,"dervolksbanker.de"
"322686",322686,"gun-tests.com"
"64619",64619,"blueskytraveler.com"
"965979",965979,"20001104.com"
"316438",316438,"diamondsb.com"
"851991",851991,"theuspresidents.org"
"868035",868035,"pcshop-pax.com"
"505397",505397,"eshop-zemedelske-potreby.cz"
"780440",780440,"vadata.org"
"137130",137130,"europcar.com.au"
"75363",75363,"sbi.com.mx"
"173481",173481,"wwoof.org"
"606880",606880,"stpass.com"
"608759",608759,"stlmugshots.com"
"65",65,"gmw.cn"
"40249",40249,"travelnow.com"
"48853",48853,"dwolla.com"
"927023",927023,"themagicfiber.com"
"13668",13668,"mandrill.com"
"234698",234698,"domainregistration.com.au"
"224891",224891,"lookedon.com"
"546979",546979,"zztube.pl"
"263610",263610,"loewe.tv"
"38188",38188,"actionads.ru"
"523694",523694,"ferhatyesilmen.com"
"372715",372715,"eroticdb.com"
"805770",805770,"modularstairs.com"
"854047",854047,"blee.in"
"276759",276759,"96096kp.com"
"569523",569523,"mullbrand.com"
"603245",603245,"meigennooukoku.net"
"785791",785791,"forestcoachlines.com.au"
"788857",788857,"skodaxanthifc.gr"
"447215",447215,"e-kurumalife.com"
"12374",12374,"vvvdj.com"
"619268",619268,"nastrends.com"
"191287",191287,"shopmania.pt"
"213011",213011,"lapisraro.com.br"
"285153",285153,"turnwebcamon.com"
"672370",672370,"euroschool.lu"
"869447",869447,"elsynet.it"
"440123",440123,"chateen.com"
"421553",421553,"leubner.org"
"879938",879938,"kadinlarhakkinda.com"
"682675",682675,"doctor-notebookov.ru"
"384416",384416,"godrakebulldogs.com"
"158712",158712,"e-solat.gov.my"
"492374",492374,"islamagica.es"
"666508",666508,"eju.com"
"548435",548435,"bambooshop.com.br"
"103690",103690,"amazonbusiness.in"
"743474",743474,"ginos.se"
"740753",740753,"dewapoker3.com"
"564423",564423,"khotkovo.ru"
"622770",622770,"deansaliba.com"
"733608",733608,"voked.com"
"112082",112082,"canstockphoto.fr"
"964125",964125,"sparklogix.com"
"313033",313033,"47.pl"
"906242",906242,"an.gob.ve"
"210972",210972,"project2040.com"
"91531",91531,"webisgreat.info"
"176985",176985,"leptiricabioskop.com"
"250953",250953,"alt-team.com"
"789559",789559,"cercassicurazioni.it"
"581891",581891,"edlovecoaching.com"
"985397",985397,"finagarcia.com"
"726036",726036,"madison-james.com"
"185575",185575,"arminvanbuuren.com"
"879584",879584,"boommy.ru/user/109315"
"489415",489415,"dein-allgaeu.de"
"246816",246816,"narodnaia-meditzina.ru"
"345362",345362,"xn----itbb3bibdckx.xn--p1ai"
"164240",164240,"fansnetwork.co.uk"
"234560",234560,"infinityshoes.com"
"284657",284657,"bostane.ir"
"458851",458851,"mawared.qa"
"865746",865746,"couponsanddiscounts.in"
"332964",332964,"honyakuctr.com"
"942050",942050,"nilsson-arvidsson.com"
"307118",307118,"responsiveclassroom.org"
"665973",665973,"premiumlista.com"
"773874",773874,"sc-runner.com"
"896028",896028,"clementokonkwo.org"
"908344",908344,"binagro.com"
"812096",812096,"latestinfographics.com"
"269973",269973,"tv24.vn"
"466441",466441,"sweetashoney.co.nz"
"162470",162470,"entypo.com"
"403593",403593,"profigym.hu"
"744407",744407,"penyagolosatrails.com"
"710632",710632,"ishothim.com"
"893163",893163,"raring2go.co.uk"
"568479",568479,"broncosports.com"
"498979",498979,"uslink24.info"
"754470",754470,"reportshoes.com"
"735572",735572,"bentleyschool.net"
"265630",265630,"softlakecity.ru"
"910422",910422,"manglikmatrimony.com"
"981141",981141,"starsport.com"
"795969",795969,"f1inschools.com.br"
"822171",822171,"stroyka.us"
"110449",110449,"beveragefactory.com"
"201862",201862,"solagirl.net"
"244512",244512,"spotloan.com"
"124031",124031,"91boshi.net"
"121878",121878,"autonetmagz.com"
"408901",408901,"prwd.co.uk"
"533725",533725,"ylmf123.com"
"789698",789698,"sobay.com.tw"
"168038",168038,"meinfoto.de"
"720100",720100,"esucc.org"
"693643",693643,"agenciasairmet.com"
"92119",92119,"sfcu.org"
